"LOCATION","INDICATOR","SUBJECT","MEASURE","FREQUENCY","TIME","Value","Flag Codes"
"KOR","QGDP","TOT","PC_CHGPP","Q","2015-Q4",0.703947532,
"KOR","QGDP","TOT","PC_CHGPP","Q","2016-Q1",0.285955753,
"KOR","QGDP","TOT","PC_CHGPP","Q","2016-Q2",1.206465365,
"KOR","QGDP","TOT","PC_CHGPP","Q","2016-Q3",0.415940623,
"KOR","QGDP","TOT","PC_CHGPP","Q","2016-Q4",0.606194491,
"KOR","QGDP","TOT","PC_CHGPP","Q","2017-Q1",0.984785463,
"KOR","QGDP","TOT","PC_CHGPP","Q","2017-Q2",0.714647727,
"KOR","QGDP","TOT","PC_CHGPP","Q","2017-Q3",1.441838418,
"KOR","QGDP","TOT","PC_CHGPP","Q","2017-Q4",-0.319868975,
"KOR","QGDP","TOT","PC_CHGPP","Q","2018-Q1",1.205851771,
"KOR","QGDP","TOT","PC_CHGPP","Q","2018-Q2",0.636597085,
"KOR","QGDP","TOT","PC_CHGPP","Q","2018-Q3",0.730848332,
"KOR","QGDP","TOT","PC_CHGPP","Q","2018-Q4",0.700312956,
"KOR","QGDP","TOT","PC_CHGPP","Q","2019-Q1",-0.198579317,
"KOR","QGDP","TOT","PC_CHGPP","Q","2019-Q2",1.059905534,
"KOR","QGDP","TOT","PC_CHGPP","Q","2019-Q3",0.527437881,
"KOR","QGDP","TOT","PC_CHGPP","Q","2019-Q4",1.271115777,
"KOR","QGDP","TOT","PC_CHGPP","Q","2020-Q1",-1.337455717,
"KOR","QGDP","TOT","PC_CHGPP","Q","2020-Q2",-3.026935758,
"KOR","QGDP","TOT","PC_CHGPP","Q","2020-Q3",2.347785538,
"KOR","QGDP","TOT","PC_CHGPP","Q","2020-Q4",1.213742846,
"KOR","QGDP","TOT","PC_CHGPP","Q","2021-Q1",1.724067239,"P"
"KOR","QGDP","TOT","PC_CHGPP","Q","2021-Q2",0.833347929,"P"
"KOR","QGDP","TOT","PC_CHGPP","Q","2021-Q3",0.213238983,"P"
"KOR","QGDP","TOT","PC_CHGPP","Q","2021-Q4",1.33777574,"P"
"KOR","QGDP","TOT","PC_CHGPP","Q","2022-Q1",0.633967885,"P"
"KOR","QGDP","TOT","PC_CHGPP","Q","2022-Q2",0.739266758,"P"
"KOR","QGDP","TOT","PC_CHGPP","Q","2022-Q3",0.322829368,"P"
"AUS","QGDP","TOT","PC_CHGPP","Q","2015-Q4",0.612914107,
"AUS","QGDP","TOT","PC_CHGPP","Q","2016-Q1",0.885019595,
"AUS","QGDP","TOT","PC_CHGPP","Q","2016-Q2",0.630757582,
"AUS","QGDP","TOT","PC_CHGPP","Q","2016-Q3",0.09906805,
"AUS","QGDP","TOT","PC_CHGPP","Q","2016-Q4",1.053592047,
"AUS","QGDP","TOT","PC_CHGPP","Q","2017-Q1",0.314683075,
"AUS","QGDP","TOT","PC_CHGPP","Q","2017-Q2",0.602469197,
"AUS","QGDP","TOT","PC_CHGPP","Q","2017-Q3",0.962068027,
"AUS","QGDP","TOT","PC_CHGPP","Q","2017-Q4",0.478579511,
"AUS","QGDP","TOT","PC_CHGPP","Q","2018-Q1",0.944123547,
"AUS","QGDP","TOT","PC_CHGPP","Q","2018-Q2",0.748154605,
"AUS","QGDP","TOT","PC_CHGPP","Q","2018-Q3",0.464173874,
"AUS","QGDP","TOT","PC_CHGPP","Q","2018-Q4",0.236249247,
"AUS","QGDP","TOT","PC_CHGPP","Q","2019-Q1",0.510207098,
"AUS","QGDP","TOT","PC_CHGPP","Q","2019-Q2",0.432131443,
"AUS","QGDP","TOT","PC_CHGPP","Q","2019-Q3",0.732672958,
"AUS","QGDP","TOT","PC_CHGPP","Q","2019-Q4",0.533152967,
"AUS","QGDP","TOT","PC_CHGPP","Q","2020-Q1",-0.222848529,
"AUS","QGDP","TOT","PC_CHGPP","Q","2020-Q2",-6.757576577,
"AUS","QGDP","TOT","PC_CHGPP","Q","2020-Q3",3.855111623,
"AUS","QGDP","TOT","PC_CHGPP","Q","2020-Q4",3.381809258,
"AUS","QGDP","TOT","PC_CHGPP","Q","2021-Q1",2.056889654,
"AUS","QGDP","TOT","PC_CHGPP","Q","2021-Q2",0.644644009,
"AUS","QGDP","TOT","PC_CHGPP","Q","2021-Q3",-1.934133492,
"AUS","QGDP","TOT","PC_CHGPP","Q","2021-Q4",3.819640031,
"AUS","QGDP","TOT","PC_CHGPP","Q","2022-Q1",0.43774337,
"AUS","QGDP","TOT","PC_CHGPP","Q","2022-Q2",0.873324734,
"AUS","QGDP","TOT","PC_CHGPP","Q","2022-Q3",0.647000428,
"ISL","QGDP","TOT","PC_CHGPP","Q","2015-Q4",0.947205551,
"ISL","QGDP","TOT","PC_CHGPP","Q","2016-Q1",-2.656924295,
"ISL","QGDP","TOT","PC_CHGPP","Q","2016-Q2",6.637651722,
"ISL","QGDP","TOT","PC_CHGPP","Q","2016-Q3",2.57936154,
"ISL","QGDP","TOT","PC_CHGPP","Q","2016-Q4",2.645431284,
"ISL","QGDP","TOT","PC_CHGPP","Q","2017-Q1",-3.831799453,
"ISL","QGDP","TOT","PC_CHGPP","Q","2017-Q2",3.045936625,
"ISL","QGDP","TOT","PC_CHGPP","Q","2017-Q3",0.753577107,
"ISL","QGDP","TOT","PC_CHGPP","Q","2017-Q4",2.509083642,
"ISL","QGDP","TOT","PC_CHGPP","Q","2018-Q1",0.338681593,
"ISL","QGDP","TOT","PC_CHGPP","Q","2018-Q2",1.509800764,
"ISL","QGDP","TOT","PC_CHGPP","Q","2018-Q3",0.206400392,
"ISL","QGDP","TOT","PC_CHGPP","Q","2018-Q4",0.980533304,
"ISL","QGDP","TOT","PC_CHGPP","Q","2019-Q1",0.662021377,
"ISL","QGDP","TOT","PC_CHGPP","Q","2019-Q2",-0.112179031,
"ISL","QGDP","TOT","PC_CHGPP","Q","2019-Q3",-0.405054508,
"ISL","QGDP","TOT","PC_CHGPP","Q","2019-Q4",3.255866855,
"ISL","QGDP","TOT","PC_CHGPP","Q","2020-Q1",-6.622141971,
"ISL","QGDP","TOT","PC_CHGPP","Q","2020-Q2",-6.527383101,
"ISL","QGDP","TOT","PC_CHGPP","Q","2020-Q3",2.718803881,
"ISL","QGDP","TOT","PC_CHGPP","Q","2020-Q4",5.222104289,
"ISL","QGDP","TOT","PC_CHGPP","Q","2021-Q1",-3.83936637,
"ISL","QGDP","TOT","PC_CHGPP","Q","2021-Q2",4.790280489,
"ISL","QGDP","TOT","PC_CHGPP","Q","2021-Q3",0.928051349,
"ISL","QGDP","TOT","PC_CHGPP","Q","2021-Q4",3.17478232,
"ISL","QGDP","TOT","PC_CHGPP","Q","2022-Q1",-1.014782712,
"ISL","QGDP","TOT","PC_CHGPP","Q","2022-Q2",3.697631385,
"ISL","QGDP","TOT","PC_CHGPP","Q","2022-Q3",-0.505565112,
"GBR","QGDP","TOT","PC_CHGPP","Q","2015-Q4",0.738668699,
"GBR","QGDP","TOT","PC_CHGPP","Q","2016-Q1",0.365381448,
"GBR","QGDP","TOT","PC_CHGPP","Q","2016-Q2",0.629457625,
"GBR","QGDP","TOT","PC_CHGPP","Q","2016-Q3",0.441599466,
"GBR","QGDP","TOT","PC_CHGPP","Q","2016-Q4",0.64995375,
"GBR","QGDP","TOT","PC_CHGPP","Q","2017-Q1",0.73915971,
"GBR","QGDP","TOT","PC_CHGPP","Q","2017-Q2",0.536199019,
"GBR","QGDP","TOT","PC_CHGPP","Q","2017-Q3",0.515931658,
"GBR","QGDP","TOT","PC_CHGPP","Q","2017-Q4",0.627325988,
"GBR","QGDP","TOT","PC_CHGPP","Q","2018-Q1",0.149766105,
"GBR","QGDP","TOT","PC_CHGPP","Q","2018-Q2",0.454842112,
"GBR","QGDP","TOT","PC_CHGPP","Q","2018-Q3",0.555787083,
"GBR","QGDP","TOT","PC_CHGPP","Q","2018-Q4",0.257173624,
"GBR","QGDP","TOT","PC_CHGPP","Q","2019-Q1",0.630363596,
"GBR","QGDP","TOT","PC_CHGPP","Q","2019-Q2",0.109963441,
"GBR","QGDP","TOT","PC_CHGPP","Q","2019-Q3",0.610854174,
"GBR","QGDP","TOT","PC_CHGPP","Q","2019-Q4",-0.025112203,
"GBR","QGDP","TOT","PC_CHGPP","Q","2020-Q1",-2.640828448,
"GBR","QGDP","TOT","PC_CHGPP","Q","2020-Q2",-20.991372606,
"GBR","QGDP","TOT","PC_CHGPP","Q","2020-Q3",16.608614293,
"GBR","QGDP","TOT","PC_CHGPP","Q","2020-Q4",1.213880983,
"GBR","QGDP","TOT","PC_CHGPP","Q","2021-Q1",-1.169104099,
"GBR","QGDP","TOT","PC_CHGPP","Q","2021-Q2",6.541080048,
"GBR","QGDP","TOT","PC_CHGPP","Q","2021-Q3",1.765907329,
"GBR","QGDP","TOT","PC_CHGPP","Q","2021-Q4",1.621362281,
"GBR","QGDP","TOT","PC_CHGPP","Q","2022-Q1",0.691608792,
"GBR","QGDP","TOT","PC_CHGPP","Q","2022-Q2",0.23497788,
"GBR","QGDP","TOT","PC_CHGPP","Q","2022-Q3",-0.164616695,
"EST","QGDP","TOT","PC_CHGPP","Q","2015-Q4",-0.185241553,
"EST","QGDP","TOT","PC_CHGPP","Q","2016-Q1",1.623669913,
"EST","QGDP","TOT","PC_CHGPP","Q","2016-Q2",-0.178401655,
"EST","QGDP","TOT","PC_CHGPP","Q","2016-Q3",1.084936779,
"EST","QGDP","TOT","PC_CHGPP","Q","2016-Q4",1.208819618,
"EST","QGDP","TOT","PC_CHGPP","Q","2017-Q1",2.071121216,
"EST","QGDP","TOT","PC_CHGPP","Q","2017-Q2",1.757574346,
"EST","QGDP","TOT","PC_CHGPP","Q","2017-Q3",0.351674826,
"EST","QGDP","TOT","PC_CHGPP","Q","2017-Q4",1.525598134,
"EST","QGDP","TOT","PC_CHGPP","Q","2018-Q1",0.687530547,
"EST","QGDP","TOT","PC_CHGPP","Q","2018-Q2",0.869805344,
"EST","QGDP","TOT","PC_CHGPP","Q","2018-Q3",0.862930332,
"EST","QGDP","TOT","PC_CHGPP","Q","2018-Q4",1.107363251,
"EST","QGDP","TOT","PC_CHGPP","Q","2019-Q1",1.52625079,
"EST","QGDP","TOT","PC_CHGPP","Q","2019-Q2",0.166899655,
"EST","QGDP","TOT","PC_CHGPP","Q","2019-Q3",0.294782542,
"EST","QGDP","TOT","PC_CHGPP","Q","2019-Q4",1.155287463,
"EST","QGDP","TOT","PC_CHGPP","Q","2020-Q1",0.716075654,
"EST","QGDP","TOT","PC_CHGPP","Q","2020-Q2",-6.756192745,
"EST","QGDP","TOT","PC_CHGPP","Q","2020-Q3",4.779188032,
"EST","QGDP","TOT","PC_CHGPP","Q","2020-Q4",2.666014032,
"EST","QGDP","TOT","PC_CHGPP","Q","2021-Q1",2.614488704,
"EST","QGDP","TOT","PC_CHGPP","Q","2021-Q2",2.85217311,
"EST","QGDP","TOT","PC_CHGPP","Q","2021-Q3",0.710336729,
"EST","QGDP","TOT","PC_CHGPP","Q","2021-Q4",0.829825344,
"EST","QGDP","TOT","PC_CHGPP","Q","2022-Q1",0.013246175,
"EST","QGDP","TOT","PC_CHGPP","Q","2022-Q2",-1.343134517,
"EST","QGDP","TOT","PC_CHGPP","Q","2022-Q3",-1.78276585,
"DNK","QGDP","TOT","PC_CHGPP","Q","2015-Q4",0.222825124,
"DNK","QGDP","TOT","PC_CHGPP","Q","2016-Q1",1.152059046,
"DNK","QGDP","TOT","PC_CHGPP","Q","2016-Q2",1.352637774,
"DNK","QGDP","TOT","PC_CHGPP","Q","2016-Q3",0.848381829,
"DNK","QGDP","TOT","PC_CHGPP","Q","2016-Q4",0.720496974,
"DNK","QGDP","TOT","PC_CHGPP","Q","2017-Q1",0.654390627,
"DNK","QGDP","TOT","PC_CHGPP","Q","2017-Q2",1.117777678,
"DNK","QGDP","TOT","PC_CHGPP","Q","2017-Q3",-0.366774101,
"DNK","QGDP","TOT","PC_CHGPP","Q","2017-Q4",0.75496245,
"DNK","QGDP","TOT","PC_CHGPP","Q","2018-Q1",0.512055136,
"DNK","QGDP","TOT","PC_CHGPP","Q","2018-Q2",0.502598831,
"DNK","QGDP","TOT","PC_CHGPP","Q","2018-Q3",0.602133078,
"DNK","QGDP","TOT","PC_CHGPP","Q","2018-Q4",0.499343436,
"DNK","QGDP","TOT","PC_CHGPP","Q","2019-Q1",-0.218153226,
"DNK","QGDP","TOT","PC_CHGPP","Q","2019-Q2",1.005162313,
"DNK","QGDP","TOT","PC_CHGPP","Q","2019-Q3",0.45731937,
"DNK","QGDP","TOT","PC_CHGPP","Q","2019-Q4",-0.304154136,
"DNK","QGDP","TOT","PC_CHGPP","Q","2020-Q1",-0.303746781,
"DNK","QGDP","TOT","PC_CHGPP","Q","2020-Q2",-6.266709953,
"DNK","QGDP","TOT","PC_CHGPP","Q","2020-Q3",5.907743803,
"DNK","QGDP","TOT","PC_CHGPP","Q","2020-Q4",-0.033995559,
"DNK","QGDP","TOT","PC_CHGPP","Q","2021-Q1",1.005006403,
"DNK","QGDP","TOT","PC_CHGPP","Q","2021-Q2",1.924482261,
"DNK","QGDP","TOT","PC_CHGPP","Q","2021-Q3",0.972452593,
"DNK","QGDP","TOT","PC_CHGPP","Q","2021-Q4",2.49682863,
"DNK","QGDP","TOT","PC_CHGPP","Q","2022-Q1",-0.485584733,
"DNK","QGDP","TOT","PC_CHGPP","Q","2022-Q2",0.797199171,
"DNK","QGDP","TOT","PC_CHGPP","Q","2022-Q3",0.529824035,
"ESP","QGDP","TOT","PC_CHGPP","Q","2015-Q4",0.973057209,
"ESP","QGDP","TOT","PC_CHGPP","Q","2016-Q1",0.680244742,
"ESP","QGDP","TOT","PC_CHGPP","Q","2016-Q2",0.414833758,
"ESP","QGDP","TOT","PC_CHGPP","Q","2016-Q3",0.856627103,
"ESP","QGDP","TOT","PC_CHGPP","Q","2016-Q4",0.543757017,
"ESP","QGDP","TOT","PC_CHGPP","Q","2017-Q1",0.78518249,
"ESP","QGDP","TOT","PC_CHGPP","Q","2017-Q2",1.02435951,
"ESP","QGDP","TOT","PC_CHGPP","Q","2017-Q3",0.629616134,
"ESP","QGDP","TOT","PC_CHGPP","Q","2017-Q4",0.539328503,
"ESP","QGDP","TOT","PC_CHGPP","Q","2018-Q1",0.427001157,
"ESP","QGDP","TOT","PC_CHGPP","Q","2018-Q2",0.585880251,
"ESP","QGDP","TOT","PC_CHGPP","Q","2018-Q3",0.52041551,
"ESP","QGDP","TOT","PC_CHGPP","Q","2018-Q4",0.659258956,
"ESP","QGDP","TOT","PC_CHGPP","Q","2019-Q1",0.608861527,
"ESP","QGDP","TOT","PC_CHGPP","Q","2019-Q2",0.346200217,
"ESP","QGDP","TOT","PC_CHGPP","Q","2019-Q3",0.295000101,
"ESP","QGDP","TOT","PC_CHGPP","Q","2019-Q4",0.217169436,
"ESP","QGDP","TOT","PC_CHGPP","Q","2020-Q1",-5.48725517,"P"
"ESP","QGDP","TOT","PC_CHGPP","Q","2020-Q2",-17.826255917,"P"
"ESP","QGDP","TOT","PC_CHGPP","Q","2020-Q3",16.637933629,"P"
"ESP","QGDP","TOT","PC_CHGPP","Q","2020-Q4",-0.058975087,"P"
"ESP","QGDP","TOT","PC_CHGPP","Q","2021-Q1",-0.228663315,"P"
"ESP","QGDP","TOT","PC_CHGPP","Q","2021-Q2",1.352205559,"P"
"ESP","QGDP","TOT","PC_CHGPP","Q","2021-Q3",3.108188446,"P"
"ESP","QGDP","TOT","PC_CHGPP","Q","2021-Q4",2.26529089,"P"
"ESP","QGDP","TOT","PC_CHGPP","Q","2022-Q1",-0.188858719,"P"
"ESP","QGDP","TOT","PC_CHGPP","Q","2022-Q2",1.458973728,"P"
"ESP","QGDP","TOT","PC_CHGPP","Q","2022-Q3",0.23294816,"P"
"JPN","QGDP","TOT","PC_CHGPP","Q","2015-Q4",-0.164638293,
"JPN","QGDP","TOT","PC_CHGPP","Q","2016-Q1",0.746965158,
"JPN","QGDP","TOT","PC_CHGPP","Q","2016-Q2",-0.159461143,
"JPN","QGDP","TOT","PC_CHGPP","Q","2016-Q3",0.195758631,
"JPN","QGDP","TOT","PC_CHGPP","Q","2016-Q4",0.154072489,
"JPN","QGDP","TOT","PC_CHGPP","Q","2017-Q1",0.820124302,
"JPN","QGDP","TOT","PC_CHGPP","Q","2017-Q2",0.333850777,
"JPN","QGDP","TOT","PC_CHGPP","Q","2017-Q3",0.848255555,
"JPN","QGDP","TOT","PC_CHGPP","Q","2017-Q4",0.12087973,
"JPN","QGDP","TOT","PC_CHGPP","Q","2018-Q1",0.107298885,
"JPN","QGDP","TOT","PC_CHGPP","Q","2018-Q2",0.284352523,
"JPN","QGDP","TOT","PC_CHGPP","Q","2018-Q3",-0.503108231,
"JPN","QGDP","TOT","PC_CHGPP","Q","2018-Q4",-0.126557483,
"JPN","QGDP","TOT","PC_CHGPP","Q","2019-Q1",0.234418991,
"JPN","QGDP","TOT","PC_CHGPP","Q","2019-Q2",0.297460226,
"JPN","QGDP","TOT","PC_CHGPP","Q","2019-Q3",0.212840674,
"JPN","QGDP","TOT","PC_CHGPP","Q","2019-Q4",-2.716787296,
"JPN","QGDP","TOT","PC_CHGPP","Q","2020-Q1",0.436289391,
"JPN","QGDP","TOT","PC_CHGPP","Q","2020-Q2",-7.951718065,
"JPN","QGDP","TOT","PC_CHGPP","Q","2020-Q3",5.574679955,
"JPN","QGDP","TOT","PC_CHGPP","Q","2020-Q4",1.926516846,
"JPN","QGDP","TOT","PC_CHGPP","Q","2021-Q1",-0.141901457,
"JPN","QGDP","TOT","PC_CHGPP","Q","2021-Q2",0.325515249,
"JPN","QGDP","TOT","PC_CHGPP","Q","2021-Q3",-0.451389152,
"JPN","QGDP","TOT","PC_CHGPP","Q","2021-Q4",1.204341548,
"JPN","QGDP","TOT","PC_CHGPP","Q","2022-Q1",-0.450097233,
"JPN","QGDP","TOT","PC_CHGPP","Q","2022-Q2",1.103428577,
"JPN","QGDP","TOT","PC_CHGPP","Q","2022-Q3",-0.206316139,
"OECD","QGDP","TOT","PC_CHGPP","Q","2015-Q4",0.308548329,
"OECD","QGDP","TOT","PC_CHGPP","Q","2016-Q1",0.551452788,
"OECD","QGDP","TOT","PC_CHGPP","Q","2016-Q2",0.363886026,
"OECD","QGDP","TOT","PC_CHGPP","Q","2016-Q3",0.400313768,
"OECD","QGDP","TOT","PC_CHGPP","Q","2016-Q4",0.807055557,
"OECD","QGDP","TOT","PC_CHGPP","Q","2017-Q1",0.642604346,
"OECD","QGDP","TOT","PC_CHGPP","Q","2017-Q2",0.700646734,
"OECD","QGDP","TOT","PC_CHGPP","Q","2017-Q3",0.799240462,
"OECD","QGDP","TOT","PC_CHGPP","Q","2017-Q4",0.815912875,
"OECD","QGDP","TOT","PC_CHGPP","Q","2018-Q1",0.539114736,
"OECD","QGDP","TOT","PC_CHGPP","Q","2018-Q2",0.593611235,
"OECD","QGDP","TOT","PC_CHGPP","Q","2018-Q3",0.28758531,
"OECD","QGDP","TOT","PC_CHGPP","Q","2018-Q4",0.216034941,
"OECD","QGDP","TOT","PC_CHGPP","Q","2019-Q1",0.552389308,
"OECD","QGDP","TOT","PC_CHGPP","Q","2019-Q2",0.556300189,
"OECD","QGDP","TOT","PC_CHGPP","Q","2019-Q3",0.533684945,
"OECD","QGDP","TOT","PC_CHGPP","Q","2019-Q4",0.027582829,
"OECD","QGDP","TOT","PC_CHGPP","Q","2020-Q1",-1.614994491,
"OECD","QGDP","TOT","PC_CHGPP","Q","2020-Q2",-10.308824298,
"OECD","QGDP","TOT","PC_CHGPP","Q","2020-Q3",9.428883028,
"OECD","QGDP","TOT","PC_CHGPP","Q","2020-Q4",1.029469029,
"OECD","QGDP","TOT","PC_CHGPP","Q","2021-Q1",0.815750923,
"OECD","QGDP","TOT","PC_CHGPP","Q","2021-Q2",1.710251392,
"OECD","QGDP","TOT","PC_CHGPP","Q","2021-Q3",1.188916518,
"OECD","QGDP","TOT","PC_CHGPP","Q","2021-Q4",1.363015972,
"OECD","QGDP","TOT","PC_CHGPP","Q","2022-Q1",0.199464199,
"OECD","QGDP","TOT","PC_CHGPP","Q","2022-Q2",0.458859761,
"OECD","QGDP","TOT","PC_CHGPP","Q","2022-Q3",0.4,
"NOR","QGDP","TOT","PC_CHGPP","Q","2015-Q4",-0.875165027,
"NOR","QGDP","TOT","PC_CHGPP","Q","2016-Q1",0.495624714,
"NOR","QGDP","TOT","PC_CHGPP","Q","2016-Q2",-0.031783269,
"NOR","QGDP","TOT","PC_CHGPP","Q","2016-Q3",-0.307016018,
"NOR","QGDP","TOT","PC_CHGPP","Q","2016-Q4",1.339433996,
"NOR","QGDP","TOT","PC_CHGPP","Q","2017-Q1",1.133149186,
"NOR","QGDP","TOT","PC_CHGPP","Q","2017-Q2",0.96345788,
"NOR","QGDP","TOT","PC_CHGPP","Q","2017-Q3",0.685255721,
"NOR","QGDP","TOT","PC_CHGPP","Q","2017-Q4",-0.569701184,
"NOR","QGDP","TOT","PC_CHGPP","Q","2018-Q1",0.490017833,
"NOR","QGDP","TOT","PC_CHGPP","Q","2018-Q2",0.300808205,
"NOR","QGDP","TOT","PC_CHGPP","Q","2018-Q3",0.6300102,
"NOR","QGDP","TOT","PC_CHGPP","Q","2018-Q4",0.033674237,
"NOR","QGDP","TOT","PC_CHGPP","Q","2019-Q1",-0.443113704,
"NOR","QGDP","TOT","PC_CHGPP","Q","2019-Q2",0.859924439,
"NOR","QGDP","TOT","PC_CHGPP","Q","2019-Q3",0.568205142,
"NOR","QGDP","TOT","PC_CHGPP","Q","2019-Q4",0.828953858,
"NOR","QGDP","TOT","PC_CHGPP","Q","2020-Q1",-1.291514575,
"NOR","QGDP","TOT","PC_CHGPP","Q","2020-Q2",-5.414676326,
"NOR","QGDP","TOT","PC_CHGPP","Q","2020-Q3",4.434557219,
"NOR","QGDP","TOT","PC_CHGPP","Q","2020-Q4",1.16899443,
"NOR","QGDP","TOT","PC_CHGPP","Q","2021-Q1",-0.52154226,
"NOR","QGDP","TOT","PC_CHGPP","Q","2021-Q2",1.310404971,
"NOR","QGDP","TOT","PC_CHGPP","Q","2021-Q3",3.445896573,
"NOR","QGDP","TOT","PC_CHGPP","Q","2021-Q4",0.371447629,
"NOR","QGDP","TOT","PC_CHGPP","Q","2022-Q1",-0.721734953,
"NOR","QGDP","TOT","PC_CHGPP","Q","2022-Q2",1.269831516,
"NOR","QGDP","TOT","PC_CHGPP","Q","2022-Q3",1.53769637,
"HUN","QGDP","TOT","PC_CHGPP","Q","2015-Q4",1.042226183,
"HUN","QGDP","TOT","PC_CHGPP","Q","2016-Q1",-0.543052886,
"HUN","QGDP","TOT","PC_CHGPP","Q","2016-Q2",1.347753556,
"HUN","QGDP","TOT","PC_CHGPP","Q","2016-Q3",0.531092951,
"HUN","QGDP","TOT","PC_CHGPP","Q","2016-Q4",0.859859221,
"HUN","QGDP","TOT","PC_CHGPP","Q","2017-Q1",1.401256306,
"HUN","QGDP","TOT","PC_CHGPP","Q","2017-Q2",1.188043345,
"HUN","QGDP","TOT","PC_CHGPP","Q","2017-Q3",0.957089107,
"HUN","QGDP","TOT","PC_CHGPP","Q","2017-Q4",1.418604967,
"HUN","QGDP","TOT","PC_CHGPP","Q","2018-Q1",1.7405864,
"HUN","QGDP","TOT","PC_CHGPP","Q","2018-Q2",0.946469799,
"HUN","QGDP","TOT","PC_CHGPP","Q","2018-Q3",1.514149322,
"HUN","QGDP","TOT","PC_CHGPP","Q","2018-Q4",0.99702368,
"HUN","QGDP","TOT","PC_CHGPP","Q","2019-Q1",1.926153881,
"HUN","QGDP","TOT","PC_CHGPP","Q","2019-Q2",0.37491612,
"HUN","QGDP","TOT","PC_CHGPP","Q","2019-Q3",1.426231935,
"HUN","QGDP","TOT","PC_CHGPP","Q","2019-Q4",0.474031107,
"HUN","QGDP","TOT","PC_CHGPP","Q","2020-Q1",-0.536926687,
"HUN","QGDP","TOT","PC_CHGPP","Q","2020-Q2",-14.358048646,
"HUN","QGDP","TOT","PC_CHGPP","Q","2020-Q3",11.938090031,
"HUN","QGDP","TOT","PC_CHGPP","Q","2020-Q4",1.391931123,
"HUN","QGDP","TOT","PC_CHGPP","Q","2021-Q1",1.117595444,
"HUN","QGDP","TOT","PC_CHGPP","Q","2021-Q2",2.363956069,
"HUN","QGDP","TOT","PC_CHGPP","Q","2021-Q3",1.703832693,
"HUN","QGDP","TOT","PC_CHGPP","Q","2021-Q4",2.057879554,
"HUN","QGDP","TOT","PC_CHGPP","Q","2022-Q1",1.582497673,
"HUN","QGDP","TOT","PC_CHGPP","Q","2022-Q2",0.808613743,
"HUN","QGDP","TOT","PC_CHGPP","Q","2022-Q3",-0.434562852,
"CAN","QGDP","TOT","PC_CHGPP","Q","2015-Q4",0.074877,
"CAN","QGDP","TOT","PC_CHGPP","Q","2016-Q1",0.548501,
"CAN","QGDP","TOT","PC_CHGPP","Q","2016-Q2",-0.491712,
"CAN","QGDP","TOT","PC_CHGPP","Q","2016-Q3",1.031214,
"CAN","QGDP","TOT","PC_CHGPP","Q","2016-Q4",0.561483,
"CAN","QGDP","TOT","PC_CHGPP","Q","2017-Q1",1.08691958,
"CAN","QGDP","TOT","PC_CHGPP","Q","2017-Q2",1.023044213,
"CAN","QGDP","TOT","PC_CHGPP","Q","2017-Q3",0.421873021,
"CAN","QGDP","TOT","PC_CHGPP","Q","2017-Q4",0.517990679,
"CAN","QGDP","TOT","PC_CHGPP","Q","2018-Q1",0.875239281,
"CAN","QGDP","TOT","PC_CHGPP","Q","2018-Q2",0.785105341,
"CAN","QGDP","TOT","PC_CHGPP","Q","2018-Q3",0.690122507,
"CAN","QGDP","TOT","PC_CHGPP","Q","2018-Q4",0.340869542,
"CAN","QGDP","TOT","PC_CHGPP","Q","2019-Q1",0.07075927,
"CAN","QGDP","TOT","PC_CHGPP","Q","2019-Q2",0.988110124,
"CAN","QGDP","TOT","PC_CHGPP","Q","2019-Q3",0.374026535,
"CAN","QGDP","TOT","PC_CHGPP","Q","2019-Q4",0.326868383,
"CAN","QGDP","TOT","PC_CHGPP","Q","2020-Q1",-2.128337649,
"CAN","QGDP","TOT","PC_CHGPP","Q","2020-Q2",-10.928273391,
"CAN","QGDP","TOT","PC_CHGPP","Q","2020-Q3",9.017921364,
"CAN","QGDP","TOT","PC_CHGPP","Q","2020-Q4",2.130500855,
"CAN","QGDP","TOT","PC_CHGPP","Q","2021-Q1",1.308902555,
"CAN","QGDP","TOT","PC_CHGPP","Q","2021-Q2",-0.588596311,
"CAN","QGDP","TOT","PC_CHGPP","Q","2021-Q3",1.430867107,
"CAN","QGDP","TOT","PC_CHGPP","Q","2021-Q4",1.671567869,
"CAN","QGDP","TOT","PC_CHGPP","Q","2022-Q1",0.682093903,
"CAN","QGDP","TOT","PC_CHGPP","Q","2022-Q2",0.794953483,
"CAN","QGDP","TOT","PC_CHGPP","Q","2022-Q3",0.728129094,
"ARG","QGDP","TOT","PC_CHGPP","Q","2015-Q4",-1.135181762,
"ARG","QGDP","TOT","PC_CHGPP","Q","2016-Q1",-0.878169269,
"ARG","QGDP","TOT","PC_CHGPP","Q","2016-Q2",-1.669931611,
"ARG","QGDP","TOT","PC_CHGPP","Q","2016-Q3",0.413581958,
"ARG","QGDP","TOT","PC_CHGPP","Q","2016-Q4",0.568856776,
"ARG","QGDP","TOT","PC_CHGPP","Q","2017-Q1",0.914025093,
"ARG","QGDP","TOT","PC_CHGPP","Q","2017-Q2",1.053614116,
"ARG","QGDP","TOT","PC_CHGPP","Q","2017-Q3",1.268470665,
"ARG","QGDP","TOT","PC_CHGPP","Q","2017-Q4",0.952133449,
"ARG","QGDP","TOT","PC_CHGPP","Q","2018-Q1",-0.314439208,
"ARG","QGDP","TOT","PC_CHGPP","Q","2018-Q2",-4.521334106,
"ARG","QGDP","TOT","PC_CHGPP","Q","2018-Q3",-0.234207843,
"ARG","QGDP","TOT","PC_CHGPP","Q","2018-Q4",-1.484693094,
"ARG","QGDP","TOT","PC_CHGPP","Q","2019-Q1",0.089245194,
"ARG","QGDP","TOT","PC_CHGPP","Q","2019-Q2",0.867411121,
"ARG","QGDP","TOT","PC_CHGPP","Q","2019-Q3",0.17854977,
"ARG","QGDP","TOT","PC_CHGPP","Q","2019-Q4",-1.686824106,
"ARG","QGDP","TOT","PC_CHGPP","Q","2020-Q1",-4.221200143,
"ARG","QGDP","TOT","PC_CHGPP","Q","2020-Q2",-14.851950392,
"ARG","QGDP","TOT","PC_CHGPP","Q","2020-Q3",11.911785776,
"ARG","QGDP","TOT","PC_CHGPP","Q","2020-Q4",4.251784565,
"ARG","QGDP","TOT","PC_CHGPP","Q","2021-Q1",3.566100808,
"ARG","QGDP","TOT","PC_CHGPP","Q","2021-Q2",-0.617639673,
"ARG","QGDP","TOT","PC_CHGPP","Q","2021-Q3",3.865873793,
"ARG","QGDP","TOT","PC_CHGPP","Q","2021-Q4",1.631489361,
"ARG","QGDP","TOT","PC_CHGPP","Q","2022-Q1",1.178956556,
"ARG","QGDP","TOT","PC_CHGPP","Q","2022-Q2",1.042620016,
"SVN","QGDP","TOT","PC_CHGPP","Q","2015-Q4",0.123254917,
"SVN","QGDP","TOT","PC_CHGPP","Q","2016-Q1",1.048497202,
"SVN","QGDP","TOT","PC_CHGPP","Q","2016-Q2",1.281653641,
"SVN","QGDP","TOT","PC_CHGPP","Q","2016-Q3",0.90773552,
"SVN","QGDP","TOT","PC_CHGPP","Q","2016-Q4",0.798739854,
"SVN","QGDP","TOT","PC_CHGPP","Q","2017-Q1",1.77916206,
"SVN","QGDP","TOT","PC_CHGPP","Q","2017-Q2",1.167875597,
"SVN","QGDP","TOT","PC_CHGPP","Q","2017-Q3",0.874652325,
"SVN","QGDP","TOT","PC_CHGPP","Q","2017-Q4",2.262876067,
"SVN","QGDP","TOT","PC_CHGPP","Q","2018-Q1",0.119834738,
"SVN","QGDP","TOT","PC_CHGPP","Q","2018-Q2",1.36016575,
"SVN","QGDP","TOT","PC_CHGPP","Q","2018-Q3",1.228302581,
"SVN","QGDP","TOT","PC_CHGPP","Q","2018-Q4",1.29393729,
"SVN","QGDP","TOT","PC_CHGPP","Q","2019-Q1",0.593007649,
"SVN","QGDP","TOT","PC_CHGPP","Q","2019-Q2",-0.286804186,
"SVN","QGDP","TOT","PC_CHGPP","Q","2019-Q3",1.395488999,
"SVN","QGDP","TOT","PC_CHGPP","Q","2019-Q4",1.611411616,
"SVN","QGDP","TOT","PC_CHGPP","Q","2020-Q1",-4.906027566,
"SVN","QGDP","TOT","PC_CHGPP","Q","2020-Q2",-9.888564897,
"SVN","QGDP","TOT","PC_CHGPP","Q","2020-Q3",12.617890752,
"SVN","QGDP","TOT","PC_CHGPP","Q","2020-Q4",-0.162382359,
"SVN","QGDP","TOT","PC_CHGPP","Q","2021-Q1",1.221541689,
"SVN","QGDP","TOT","PC_CHGPP","Q","2021-Q2",1.487685767,
"SVN","QGDP","TOT","PC_CHGPP","Q","2021-Q3",2.457072396,
"SVN","QGDP","TOT","PC_CHGPP","Q","2021-Q4",5.160503825,
"SVN","QGDP","TOT","PC_CHGPP","Q","2022-Q1",-0.052864959,
"SVN","QGDP","TOT","PC_CHGPP","Q","2022-Q2",0.239565628,
"SVN","QGDP","TOT","PC_CHGPP","Q","2022-Q3",-1.364690483,
"FIN","QGDP","TOT","PC_CHGPP","Q","2015-Q4",0.560715904,
"FIN","QGDP","TOT","PC_CHGPP","Q","2016-Q1",1.233455365,
"FIN","QGDP","TOT","PC_CHGPP","Q","2016-Q2",0.155780572,
"FIN","QGDP","TOT","PC_CHGPP","Q","2016-Q3",1.129504129,
"FIN","QGDP","TOT","PC_CHGPP","Q","2016-Q4",0.307602168,
"FIN","QGDP","TOT","PC_CHGPP","Q","2017-Q1",1.020370911,
"FIN","QGDP","TOT","PC_CHGPP","Q","2017-Q2",1.273873841,
"FIN","QGDP","TOT","PC_CHGPP","Q","2017-Q3",0.372894662,
"FIN","QGDP","TOT","PC_CHGPP","Q","2017-Q4",0.647030592,
"FIN","QGDP","TOT","PC_CHGPP","Q","2018-Q1",0.289645185,
"FIN","QGDP","TOT","PC_CHGPP","Q","2018-Q2",-0.093334507,
"FIN","QGDP","TOT","PC_CHGPP","Q","2018-Q3",-0.118099133,
"FIN","QGDP","TOT","PC_CHGPP","Q","2018-Q4",-0.042354187,
"FIN","QGDP","TOT","PC_CHGPP","Q","2019-Q1",0.752105365,
"FIN","QGDP","TOT","PC_CHGPP","Q","2019-Q2",0.816584015,
"FIN","QGDP","TOT","PC_CHGPP","Q","2019-Q3",0.062572784,
"FIN","QGDP","TOT","PC_CHGPP","Q","2019-Q4",-0.241449391,
"FIN","QGDP","TOT","PC_CHGPP","Q","2020-Q1",-0.100992513,
"FIN","QGDP","TOT","PC_CHGPP","Q","2020-Q2",-6.212089521,
"FIN","QGDP","TOT","PC_CHGPP","Q","2020-Q3",4.965804341,
"FIN","QGDP","TOT","PC_CHGPP","Q","2020-Q4",0.702903683,
"FIN","QGDP","TOT","PC_CHGPP","Q","2021-Q1",-0.196916152,
"FIN","QGDP","TOT","PC_CHGPP","Q","2021-Q2",1.553774333,
"FIN","QGDP","TOT","PC_CHGPP","Q","2021-Q3",1.007858171,
"FIN","QGDP","TOT","PC_CHGPP","Q","2021-Q4",0.585628907,
"FIN","QGDP","TOT","PC_CHGPP","Q","2022-Q1",0.278304222,
"FIN","QGDP","TOT","PC_CHGPP","Q","2022-Q2",0.716815365,
"FIN","QGDP","TOT","PC_CHGPP","Q","2022-Q3",-0.316129359,
"BRA","QGDP","TOT","PC_CHGPP","Q","2015-Q4",-0.798475956,
"BRA","QGDP","TOT","PC_CHGPP","Q","2016-Q1",-1.504990043,
"BRA","QGDP","TOT","PC_CHGPP","Q","2016-Q2",0.349857658,
"BRA","QGDP","TOT","PC_CHGPP","Q","2016-Q3",-0.482335202,
"BRA","QGDP","TOT","PC_CHGPP","Q","2016-Q4",-0.232376931,
"BRA","QGDP","TOT","PC_CHGPP","Q","2017-Q1",1.084753707,
"BRA","QGDP","TOT","PC_CHGPP","Q","2017-Q2",0.803354366,
"BRA","QGDP","TOT","PC_CHGPP","Q","2017-Q3",0.315111662,
"BRA","QGDP","TOT","PC_CHGPP","Q","2017-Q4",0.39913707,
"BRA","QGDP","TOT","PC_CHGPP","Q","2018-Q1",0.654027688,
"BRA","QGDP","TOT","PC_CHGPP","Q","2018-Q2",-0.048829812,
"BRA","QGDP","TOT","PC_CHGPP","Q","2018-Q3",1.016901065,
"BRA","QGDP","TOT","PC_CHGPP","Q","2018-Q4",-0.408955563,
"BRA","QGDP","TOT","PC_CHGPP","Q","2019-Q1",0.301380001,
"BRA","QGDP","TOT","PC_CHGPP","Q","2019-Q2",0.661687357,
"BRA","QGDP","TOT","PC_CHGPP","Q","2019-Q3",0.189434769,
"BRA","QGDP","TOT","PC_CHGPP","Q","2019-Q4",0.531191926,
"BRA","QGDP","TOT","PC_CHGPP","Q","2020-Q1",-2.207753821,
"BRA","QGDP","TOT","PC_CHGPP","Q","2020-Q2",-8.709255834,
"BRA","QGDP","TOT","PC_CHGPP","Q","2020-Q3",8.095029471,
"BRA","QGDP","TOT","PC_CHGPP","Q","2020-Q4",3.206381294,
"BRA","QGDP","TOT","PC_CHGPP","Q","2021-Q1",1.053491922,
"BRA","QGDP","TOT","PC_CHGPP","Q","2021-Q2",-0.264462894,
"BRA","QGDP","TOT","PC_CHGPP","Q","2021-Q3",0.444978639,
"BRA","QGDP","TOT","PC_CHGPP","Q","2021-Q4",0.857293622,
"BRA","QGDP","TOT","PC_CHGPP","Q","2022-Q1",1.349037114,
"BRA","QGDP","TOT","PC_CHGPP","Q","2022-Q2",0.980055551,
"BRA","QGDP","TOT","PC_CHGPP","Q","2022-Q3",0.395910203,
"NLD","QGDP","TOT","PC_CHGPP","Q","2015-Q4",0.016409278,
"NLD","QGDP","TOT","PC_CHGPP","Q","2016-Q1",0.918878664,
"NLD","QGDP","TOT","PC_CHGPP","Q","2016-Q2",0.235477382,
"NLD","QGDP","TOT","PC_CHGPP","Q","2016-Q3",1.116299944,
"NLD","QGDP","TOT","PC_CHGPP","Q","2016-Q4",0.837485782,
"NLD","QGDP","TOT","PC_CHGPP","Q","2017-Q1",0.524686994,
"NLD","QGDP","TOT","PC_CHGPP","Q","2017-Q2",0.879537581,
"NLD","QGDP","TOT","PC_CHGPP","Q","2017-Q3",0.715426169,
"NLD","QGDP","TOT","PC_CHGPP","Q","2017-Q4",0.757067169,
"NLD","QGDP","TOT","PC_CHGPP","Q","2018-Q1",0.44772815,
"NLD","QGDP","TOT","PC_CHGPP","Q","2018-Q2",0.642241054,
"NLD","QGDP","TOT","PC_CHGPP","Q","2018-Q3",0.24370589,
"NLD","QGDP","TOT","PC_CHGPP","Q","2018-Q4",0.411643876,
"NLD","QGDP","TOT","PC_CHGPP","Q","2019-Q1",0.699892649,
"NLD","QGDP","TOT","PC_CHGPP","Q","2019-Q2",0.419470479,
"NLD","QGDP","TOT","PC_CHGPP","Q","2019-Q3",0.39398386,
"NLD","QGDP","TOT","PC_CHGPP","Q","2019-Q4",0.394678472,
"NLD","QGDP","TOT","PC_CHGPP","Q","2020-Q1",-1.479086208,"P"
"NLD","QGDP","TOT","PC_CHGPP","Q","2020-Q2",-7.904426125,"P"
"NLD","QGDP","TOT","PC_CHGPP","Q","2020-Q3",6.334387258,"P"
"NLD","QGDP","TOT","PC_CHGPP","Q","2020-Q4",-0.017254917,"P"
"NLD","QGDP","TOT","PC_CHGPP","Q","2021-Q1",0.004709173,"P"
"NLD","QGDP","TOT","PC_CHGPP","Q","2021-Q2",3.719766704,"P"
"NLD","QGDP","TOT","PC_CHGPP","Q","2021-Q3",1.778243573,"P"
"NLD","QGDP","TOT","PC_CHGPP","Q","2021-Q4",0.605217829,"P"
"NLD","QGDP","TOT","PC_CHGPP","Q","2022-Q1",0.319851754,"P"
"NLD","QGDP","TOT","PC_CHGPP","Q","2022-Q2",2.403535908,"P"
"NLD","QGDP","TOT","PC_CHGPP","Q","2022-Q3",-0.214374922,"P"
"USA","QGDP","TOT","PC_CHGPP","Q","2015-Q4",0.146234347,
"USA","QGDP","TOT","PC_CHGPP","Q","2016-Q1",0.589179869,
"USA","QGDP","TOT","PC_CHGPP","Q","2016-Q2",0.302388807,
"USA","QGDP","TOT","PC_CHGPP","Q","2016-Q3",0.601115379,
"USA","QGDP","TOT","PC_CHGPP","Q","2016-Q4",0.496888796,
"USA","QGDP","TOT","PC_CHGPP","Q","2017-Q1",0.429663114,
"USA","QGDP","TOT","PC_CHGPP","Q","2017-Q2",0.503792981,
"USA","QGDP","TOT","PC_CHGPP","Q","2017-Q3",0.827488715,
"USA","QGDP","TOT","PC_CHGPP","Q","2017-Q4",1.005660086,
"USA","QGDP","TOT","PC_CHGPP","Q","2018-Q1",0.692653861,
"USA","QGDP","TOT","PC_CHGPP","Q","2018-Q2",0.697342921,
"USA","QGDP","TOT","PC_CHGPP","Q","2018-Q3",0.722035914,
"USA","QGDP","TOT","PC_CHGPP","Q","2018-Q4",0.181783198,
"USA","QGDP","TOT","PC_CHGPP","Q","2019-Q1",0.54271061,
"USA","QGDP","TOT","PC_CHGPP","Q","2019-Q2",0.67300894,
"USA","QGDP","TOT","PC_CHGPP","Q","2019-Q3",0.889966473,
"USA","QGDP","TOT","PC_CHGPP","Q","2019-Q4",0.443046894,
"USA","QGDP","TOT","PC_CHGPP","Q","2020-Q1",-1.175154201,
"USA","QGDP","TOT","PC_CHGPP","Q","2020-Q2",-8.484336154,
"USA","QGDP","TOT","PC_CHGPP","Q","2020-Q3",7.854483117,
"USA","QGDP","TOT","PC_CHGPP","Q","2020-Q4",0.963213279,
"USA","QGDP","TOT","PC_CHGPP","Q","2021-Q1",1.542791999,
"USA","QGDP","TOT","PC_CHGPP","Q","2021-Q2",1.707015905,
"USA","QGDP","TOT","PC_CHGPP","Q","2021-Q3",0.656694491,
"USA","QGDP","TOT","PC_CHGPP","Q","2021-Q4",1.69569402,
"USA","QGDP","TOT","PC_CHGPP","Q","2022-Q1",-0.410338185,
"USA","QGDP","TOT","PC_CHGPP","Q","2022-Q2",-0.144633973,
"USA","QGDP","TOT","PC_CHGPP","Q","2022-Q3",0.724468644,
"SVK","QGDP","TOT","PC_CHGPP","Q","2015-Q4",0.723650533,
"SVK","QGDP","TOT","PC_CHGPP","Q","2016-Q1",-0.00519798,
"SVK","QGDP","TOT","PC_CHGPP","Q","2016-Q2",0.248484601,
"SVK","QGDP","TOT","PC_CHGPP","Q","2016-Q3",0.365030753,
"SVK","QGDP","TOT","PC_CHGPP","Q","2016-Q4",0.599716656,
"SVK","QGDP","TOT","PC_CHGPP","Q","2017-Q1",0.788776989,
"SVK","QGDP","TOT","PC_CHGPP","Q","2017-Q2",0.940259459,
"SVK","QGDP","TOT","PC_CHGPP","Q","2017-Q3",0.834232391,
"SVK","QGDP","TOT","PC_CHGPP","Q","2017-Q4",1.187998528,
"SVK","QGDP","TOT","PC_CHGPP","Q","2018-Q1",0.909559625,
"SVK","QGDP","TOT","PC_CHGPP","Q","2018-Q2",1.184327319,
"SVK","QGDP","TOT","PC_CHGPP","Q","2018-Q3",1.001805588,
"SVK","QGDP","TOT","PC_CHGPP","Q","2018-Q4",0.520954775,
"SVK","QGDP","TOT","PC_CHGPP","Q","2019-Q1",0.847098213,
"SVK","QGDP","TOT","PC_CHGPP","Q","2019-Q2",0.297726853,
"SVK","QGDP","TOT","PC_CHGPP","Q","2019-Q3",0.238973633,
"SVK","QGDP","TOT","PC_CHGPP","Q","2019-Q4",0.500233106,
"SVK","QGDP","TOT","PC_CHGPP","Q","2020-Q1",-2.770948076,
"SVK","QGDP","TOT","PC_CHGPP","Q","2020-Q2",-7.40846922,
"SVK","QGDP","TOT","PC_CHGPP","Q","2020-Q3",9.20721255,
"SVK","QGDP","TOT","PC_CHGPP","Q","2020-Q4",0.438279255,
"SVK","QGDP","TOT","PC_CHGPP","Q","2021-Q1",-1.436340788,
"SVK","QGDP","TOT","PC_CHGPP","Q","2021-Q2",1.923055117,
"SVK","QGDP","TOT","PC_CHGPP","Q","2021-Q3",0.33075011,
"SVK","QGDP","TOT","PC_CHGPP","Q","2021-Q4",0.320823684,
"SVK","QGDP","TOT","PC_CHGPP","Q","2022-Q1",0.320997031,
"SVK","QGDP","TOT","PC_CHGPP","Q","2022-Q2",0.360635043,
"SVK","QGDP","TOT","PC_CHGPP","Q","2022-Q3",0.356978919,
"MEX","QGDP","TOT","PC_CHGPP","Q","2015-Q4",-0.224729901,
"MEX","QGDP","TOT","PC_CHGPP","Q","2016-Q1",0.581737468,
"MEX","QGDP","TOT","PC_CHGPP","Q","2016-Q2",0.435753806,
"MEX","QGDP","TOT","PC_CHGPP","Q","2016-Q3",0.91111856,
"MEX","QGDP","TOT","PC_CHGPP","Q","2016-Q4",1.178645455,
"MEX","QGDP","TOT","PC_CHGPP","Q","2017-Q1",0.475152692,
"MEX","QGDP","TOT","PC_CHGPP","Q","2017-Q2",0.322007556,
"MEX","QGDP","TOT","PC_CHGPP","Q","2017-Q3",-0.408071656,
"MEX","QGDP","TOT","PC_CHGPP","Q","2017-Q4",1.450433029,
"MEX","QGDP","TOT","PC_CHGPP","Q","2018-Q1",1.131612355,
"MEX","QGDP","TOT","PC_CHGPP","Q","2018-Q2",-0.062931575,
"MEX","QGDP","TOT","PC_CHGPP","Q","2018-Q3",0.282094915,
"MEX","QGDP","TOT","PC_CHGPP","Q","2018-Q4",-0.056680309,
"MEX","QGDP","TOT","PC_CHGPP","Q","2019-Q1",0.043774499,"P"
"MEX","QGDP","TOT","PC_CHGPP","Q","2019-Q2",-0.41153142,"P"
"MEX","QGDP","TOT","PC_CHGPP","Q","2019-Q3",0.243255136,"P"
"MEX","QGDP","TOT","PC_CHGPP","Q","2019-Q4",-0.504316924,"P"
"MEX","QGDP","TOT","PC_CHGPP","Q","2020-Q1",-0.992249892,"P"
"MEX","QGDP","TOT","PC_CHGPP","Q","2020-Q2",-17.755667378,"P"
"MEX","QGDP","TOT","PC_CHGPP","Q","2020-Q3",13.151112296,"P"
"MEX","QGDP","TOT","PC_CHGPP","Q","2020-Q4",4.213538699,"P"
"MEX","QGDP","TOT","PC_CHGPP","Q","2021-Q1",0.450530388,"P"
"MEX","QGDP","TOT","PC_CHGPP","Q","2021-Q2",0.727704765,"P"
"MEX","QGDP","TOT","PC_CHGPP","Q","2021-Q3",-1.054308885,"P"
"MEX","QGDP","TOT","PC_CHGPP","Q","2021-Q4",0.989264132,"P"
"MEX","QGDP","TOT","PC_CHGPP","Q","2022-Q1",1.225600174,"P"
"MEX","QGDP","TOT","PC_CHGPP","Q","2022-Q2",1.144173256,"P"
"MEX","QGDP","TOT","PC_CHGPP","Q","2022-Q3",0.890356892,"P"
"BEL","QGDP","TOT","PC_CHGPP","Q","2015-Q4",0.416906268,
"BEL","QGDP","TOT","PC_CHGPP","Q","2016-Q1",0.057265569,
"BEL","QGDP","TOT","PC_CHGPP","Q","2016-Q2",0.549434826,
"BEL","QGDP","TOT","PC_CHGPP","Q","2016-Q3",0.175503505,
"BEL","QGDP","TOT","PC_CHGPP","Q","2016-Q4",0.513277018,
"BEL","QGDP","TOT","PC_CHGPP","Q","2017-Q1",0.651981383,
"BEL","QGDP","TOT","PC_CHGPP","Q","2017-Q2",0.241505195,
"BEL","QGDP","TOT","PC_CHGPP","Q","2017-Q3",-0.06443299,
"BEL","QGDP","TOT","PC_CHGPP","Q","2017-Q4",0.801726796,
"BEL","QGDP","TOT","PC_CHGPP","Q","2018-Q1",0.372646625,
"BEL","QGDP","TOT","PC_CHGPP","Q","2018-Q2",0.452534656,
"BEL","QGDP","TOT","PC_CHGPP","Q","2018-Q3",0.390736331,
"BEL","QGDP","TOT","PC_CHGPP","Q","2018-Q4",0.977159917,
"BEL","QGDP","TOT","PC_CHGPP","Q","2019-Q1",0.257570673,
"BEL","QGDP","TOT","PC_CHGPP","Q","2019-Q2",0.545479217,
"BEL","QGDP","TOT","PC_CHGPP","Q","2019-Q3",0.727858351,
"BEL","QGDP","TOT","PC_CHGPP","Q","2019-Q4",0.603803246,
"BEL","QGDP","TOT","PC_CHGPP","Q","2020-Q1",-2.872160024,"P"
"BEL","QGDP","TOT","PC_CHGPP","Q","2020-Q2",-11.39783177,"P"
"BEL","QGDP","TOT","PC_CHGPP","Q","2020-Q3",11.731267216,"P"
"BEL","QGDP","TOT","PC_CHGPP","Q","2020-Q4",-0.527239151,"P"
"BEL","QGDP","TOT","PC_CHGPP","Q","2021-Q1",1.364535083,"P"
"BEL","QGDP","TOT","PC_CHGPP","Q","2021-Q2",1.727122043,"P"
"BEL","QGDP","TOT","PC_CHGPP","Q","2021-Q3",2.32344601,"P"
"BEL","QGDP","TOT","PC_CHGPP","Q","2021-Q4",0.57009132,"P"
"BEL","QGDP","TOT","PC_CHGPP","Q","2022-Q1",0.567734486,"P"
"BEL","QGDP","TOT","PC_CHGPP","Q","2022-Q2",0.543653175,"P"
"BEL","QGDP","TOT","PC_CHGPP","Q","2022-Q3",0.173893484,"P"
"ISR","QGDP","TOT","PC_CHGPP","Q","2015-Q4",1.040179788,
"ISR","QGDP","TOT","PC_CHGPP","Q","2016-Q1",0.849768933,
"ISR","QGDP","TOT","PC_CHGPP","Q","2016-Q2",2.216630475,
"ISR","QGDP","TOT","PC_CHGPP","Q","2016-Q3",1.062645093,
"ISR","QGDP","TOT","PC_CHGPP","Q","2016-Q4",1.248760721,
"ISR","QGDP","TOT","PC_CHGPP","Q","2017-Q1",0.185687701,
"ISR","QGDP","TOT","PC_CHGPP","Q","2017-Q2",1.327934495,
"ISR","QGDP","TOT","PC_CHGPP","Q","2017-Q3",1.486660312,
"ISR","QGDP","TOT","PC_CHGPP","Q","2017-Q4",1.54384928,
"ISR","QGDP","TOT","PC_CHGPP","Q","2018-Q1",1.247326559,
"ISR","QGDP","TOT","PC_CHGPP","Q","2018-Q2",0.201931539,
"ISR","QGDP","TOT","PC_CHGPP","Q","2018-Q3",0.880779816,
"ISR","QGDP","TOT","PC_CHGPP","Q","2018-Q4",0.816545001,
"ISR","QGDP","TOT","PC_CHGPP","Q","2019-Q1",1.713848958,
"ISR","QGDP","TOT","PC_CHGPP","Q","2019-Q2",0.404443614,
"ISR","QGDP","TOT","PC_CHGPP","Q","2019-Q3",1.16385609,
"ISR","QGDP","TOT","PC_CHGPP","Q","2019-Q4",0.852409653,
"ISR","QGDP","TOT","PC_CHGPP","Q","2020-Q1",-1.214879409,
"ISR","QGDP","TOT","PC_CHGPP","Q","2020-Q2",-8.7974093,
"ISR","QGDP","TOT","PC_CHGPP","Q","2020-Q3",9.039196243,
"ISR","QGDP","TOT","PC_CHGPP","Q","2020-Q4",2.128770182,
"ISR","QGDP","TOT","PC_CHGPP","Q","2021-Q1",-0.228439477,
"ISR","QGDP","TOT","PC_CHGPP","Q","2021-Q2",3.816190591,
"ISR","QGDP","TOT","PC_CHGPP","Q","2021-Q3",2.275465855,
"ISR","QGDP","TOT","PC_CHGPP","Q","2021-Q4",4.338539393,
"ISR","QGDP","TOT","PC_CHGPP","Q","2022-Q1",-0.852619163,
"ISR","QGDP","TOT","PC_CHGPP","Q","2022-Q2",1.777255572,
"ISR","QGDP","TOT","PC_CHGPP","Q","2022-Q3",0.514868257,
"TUR","QGDP","TOT","PC_CHGPP","Q","2015-Q4",1.166866867,
"TUR","QGDP","TOT","PC_CHGPP","Q","2016-Q1",0.361537968,
"TUR","QGDP","TOT","PC_CHGPP","Q","2016-Q2",1.430886402,
"TUR","QGDP","TOT","PC_CHGPP","Q","2016-Q3",-2.867673426,
"TUR","QGDP","TOT","PC_CHGPP","Q","2016-Q4",5.509611596,
"TUR","QGDP","TOT","PC_CHGPP","Q","2017-Q1",1.368865306,
"TUR","QGDP","TOT","PC_CHGPP","Q","2017-Q2",2.28031882,
"TUR","QGDP","TOT","PC_CHGPP","Q","2017-Q3",1.515918521,
"TUR","QGDP","TOT","PC_CHGPP","Q","2017-Q4",1.882761165,
"TUR","QGDP","TOT","PC_CHGPP","Q","2018-Q1",1.468743124,
"TUR","QGDP","TOT","PC_CHGPP","Q","2018-Q2",0.657521797,
"TUR","QGDP","TOT","PC_CHGPP","Q","2018-Q3",-1.627935541,
"TUR","QGDP","TOT","PC_CHGPP","Q","2018-Q4",-3.184115348,
"TUR","QGDP","TOT","PC_CHGPP","Q","2019-Q1",1.901026683,
"TUR","QGDP","TOT","PC_CHGPP","Q","2019-Q2",2.379951147,
"TUR","QGDP","TOT","PC_CHGPP","Q","2019-Q3",0.050625441,
"TUR","QGDP","TOT","PC_CHGPP","Q","2019-Q4",1.364629963,
"TUR","QGDP","TOT","PC_CHGPP","Q","2020-Q1",0.51983281,
"TUR","QGDP","TOT","PC_CHGPP","Q","2020-Q2",-10.371752592,
"TUR","QGDP","TOT","PC_CHGPP","Q","2020-Q3",15.649317805,
"TUR","QGDP","TOT","PC_CHGPP","Q","2020-Q4",1.084647787,
"TUR","QGDP","TOT","PC_CHGPP","Q","2021-Q1",2.616659059,
"TUR","QGDP","TOT","PC_CHGPP","Q","2021-Q2",1.994956988,
"TUR","QGDP","TOT","PC_CHGPP","Q","2021-Q3",2.714482826,
"TUR","QGDP","TOT","PC_CHGPP","Q","2021-Q4",1.575638393,
"TUR","QGDP","TOT","PC_CHGPP","Q","2022-Q1",0.589413802,
"TUR","QGDP","TOT","PC_CHGPP","Q","2022-Q2",1.874313763,
"TUR","QGDP","TOT","PC_CHGPP","Q","2022-Q3",-0.12469848,
"IND","QGDP","TOT","PC_CHGPP","Q","2015-Q4",2.03258,
"IND","QGDP","TOT","PC_CHGPP","Q","2016-Q1",2.90251,
"IND","QGDP","TOT","PC_CHGPP","Q","2016-Q2",1.78105,
"IND","QGDP","TOT","PC_CHGPP","Q","2016-Q3",2.29153,
"IND","QGDP","TOT","PC_CHGPP","Q","2016-Q4",1.36362,
"IND","QGDP","TOT","PC_CHGPP","Q","2017-Q1",0.79929,
"IND","QGDP","TOT","PC_CHGPP","Q","2017-Q2",2.05809,
"IND","QGDP","TOT","PC_CHGPP","Q","2017-Q3",1.64908,
"IND","QGDP","TOT","PC_CHGPP","Q","2017-Q4",1.88093,
"IND","QGDP","TOT","PC_CHGPP","Q","2018-Q1",2.14286,
"IND","QGDP","TOT","PC_CHGPP","Q","2018-Q2",1.3456,
"IND","QGDP","TOT","PC_CHGPP","Q","2018-Q3",1.37079,
"IND","QGDP","TOT","PC_CHGPP","Q","2018-Q4",1.45431,
"IND","QGDP","TOT","PC_CHGPP","Q","2019-Q1",1.02608,
"IND","QGDP","TOT","PC_CHGPP","Q","2019-Q2",1.33159,
"IND","QGDP","TOT","PC_CHGPP","Q","2019-Q3",0.42006,
"IND","QGDP","TOT","PC_CHGPP","Q","2019-Q4",0.44249,
"IND","QGDP","TOT","PC_CHGPP","Q","2020-Q1",-0.02507,
"IND","QGDP","TOT","PC_CHGPP","Q","2020-Q2",-23.05824,
"IND","QGDP","TOT","PC_CHGPP","Q","2020-Q3",21.39841,
"IND","QGDP","TOT","PC_CHGPP","Q","2020-Q4",7.78787,
"IND","QGDP","TOT","PC_CHGPP","Q","2021-Q1",0.75983,
"IND","QGDP","TOT","PC_CHGPP","Q","2021-Q2",-8.64884,
"IND","QGDP","TOT","PC_CHGPP","Q","2021-Q3",8.68774,
"IND","QGDP","TOT","PC_CHGPP","Q","2021-Q4",4.98936,
"IND","QGDP","TOT","PC_CHGPP","Q","2022-Q1",-0.07691,
"IND","QGDP","TOT","PC_CHGPP","Q","2022-Q2",-0.01586,
"IND","QGDP","TOT","PC_CHGPP","Q","2022-Q3",0.7557,
"LVA","QGDP","TOT","PC_CHGPP","Q","2015-Q4",-0.174438398,
"LVA","QGDP","TOT","PC_CHGPP","Q","2016-Q1",1.861841602,
"LVA","QGDP","TOT","PC_CHGPP","Q","2016-Q2",-0.893703924,
"LVA","QGDP","TOT","PC_CHGPP","Q","2016-Q3",0.143670175,
"LVA","QGDP","TOT","PC_CHGPP","Q","2016-Q4",1.185813869,
"LVA","QGDP","TOT","PC_CHGPP","Q","2017-Q1",1.534823488,
"LVA","QGDP","TOT","PC_CHGPP","Q","2017-Q2",0.860054508,
"LVA","QGDP","TOT","PC_CHGPP","Q","2017-Q3",0.356780874,
"LVA","QGDP","TOT","PC_CHGPP","Q","2017-Q4",0.684614922,
"LVA","QGDP","TOT","PC_CHGPP","Q","2018-Q1",1.248932908,
"LVA","QGDP","TOT","PC_CHGPP","Q","2018-Q2",1.57286648,
"LVA","QGDP","TOT","PC_CHGPP","Q","2018-Q3",1.1448903,
"LVA","QGDP","TOT","PC_CHGPP","Q","2018-Q4",0.898354153,
"LVA","QGDP","TOT","PC_CHGPP","Q","2019-Q1",0.373417191,
"LVA","QGDP","TOT","PC_CHGPP","Q","2019-Q2",0.530024575,
"LVA","QGDP","TOT","PC_CHGPP","Q","2019-Q3",0.077160906,
"LVA","QGDP","TOT","PC_CHGPP","Q","2019-Q4",0.245704,
"LVA","QGDP","TOT","PC_CHGPP","Q","2020-Q1",-0.377459034,
"LVA","QGDP","TOT","PC_CHGPP","Q","2020-Q2",-7.081695933,
"LVA","QGDP","TOT","PC_CHGPP","Q","2020-Q3",5.962102979,
"LVA","QGDP","TOT","PC_CHGPP","Q","2020-Q4",1.611369669,
"LVA","QGDP","TOT","PC_CHGPP","Q","2021-Q1",-0.698419349,
"LVA","QGDP","TOT","PC_CHGPP","Q","2021-Q2",2.244875781,
"LVA","QGDP","TOT","PC_CHGPP","Q","2021-Q3",1.364212166,
"LVA","QGDP","TOT","PC_CHGPP","Q","2021-Q4",-0.431814241,
"LVA","QGDP","TOT","PC_CHGPP","Q","2022-Q1",1.782897748,
"LVA","QGDP","TOT","PC_CHGPP","Q","2022-Q2",0.008423872,
"LVA","QGDP","TOT","PC_CHGPP","Q","2022-Q3",-1.68864342,
"CZE","QGDP","TOT","PC_CHGPP","Q","2015-Q4",0.59351304,
"CZE","QGDP","TOT","PC_CHGPP","Q","2016-Q1",0.157393173,
"CZE","QGDP","TOT","PC_CHGPP","Q","2016-Q2",0.331402352,
"CZE","QGDP","TOT","PC_CHGPP","Q","2016-Q3",0.896404033,
"CZE","QGDP","TOT","PC_CHGPP","Q","2016-Q4",0.771382897,
"CZE","QGDP","TOT","PC_CHGPP","Q","2017-Q1",1.650204951,
"CZE","QGDP","TOT","PC_CHGPP","Q","2017-Q2",2.479823267,
"CZE","QGDP","TOT","PC_CHGPP","Q","2017-Q3",0.835604389,
"CZE","QGDP","TOT","PC_CHGPP","Q","2017-Q4",0.813267776,
"CZE","QGDP","TOT","PC_CHGPP","Q","2018-Q1",0.541692343,
"CZE","QGDP","TOT","PC_CHGPP","Q","2018-Q2",0.601711787,
"CZE","QGDP","TOT","PC_CHGPP","Q","2018-Q3",0.71256224,
"CZE","QGDP","TOT","PC_CHGPP","Q","2018-Q4",0.738773543,
"CZE","QGDP","TOT","PC_CHGPP","Q","2019-Q1",0.911971974,
"CZE","QGDP","TOT","PC_CHGPP","Q","2019-Q2",0.673307922,
"CZE","QGDP","TOT","PC_CHGPP","Q","2019-Q3",0.671601571,
"CZE","QGDP","TOT","PC_CHGPP","Q","2019-Q4",0.483390672,
"CZE","QGDP","TOT","PC_CHGPP","Q","2020-Q1",-3.242594973,
"CZE","QGDP","TOT","PC_CHGPP","Q","2020-Q2",-8.848739463,
"CZE","QGDP","TOT","PC_CHGPP","Q","2020-Q3",6.953208665,
"CZE","QGDP","TOT","PC_CHGPP","Q","2020-Q4",1.140550376,
"CZE","QGDP","TOT","PC_CHGPP","Q","2021-Q1",-0.515754196,
"CZE","QGDP","TOT","PC_CHGPP","Q","2021-Q2",1.407038024,
"CZE","QGDP","TOT","PC_CHGPP","Q","2021-Q3",1.698836543,
"CZE","QGDP","TOT","PC_CHGPP","Q","2021-Q4",0.846832679,
"CZE","QGDP","TOT","PC_CHGPP","Q","2022-Q1",0.620574959,
"CZE","QGDP","TOT","PC_CHGPP","Q","2022-Q2",0.372471,
"CZE","QGDP","TOT","PC_CHGPP","Q","2022-Q3",-0.160772668,
"POL","QGDP","TOT","PC_CHGPP","Q","2015-Q4",0.799364442,
"POL","QGDP","TOT","PC_CHGPP","Q","2016-Q1",-0.174701984,
"POL","QGDP","TOT","PC_CHGPP","Q","2016-Q2",1.460261294,
"POL","QGDP","TOT","PC_CHGPP","Q","2016-Q3",0.572374306,
"POL","QGDP","TOT","PC_CHGPP","Q","2016-Q4",1.91703759,
"POL","QGDP","TOT","PC_CHGPP","Q","2017-Q1",1.209800653,
"POL","QGDP","TOT","PC_CHGPP","Q","2017-Q2",0.983774743,
"POL","QGDP","TOT","PC_CHGPP","Q","2017-Q3",1.478515471,
"POL","QGDP","TOT","PC_CHGPP","Q","2017-Q4",1.352166779,
"POL","QGDP","TOT","PC_CHGPP","Q","2018-Q1",1.816359497,
"POL","QGDP","TOT","PC_CHGPP","Q","2018-Q2",1.408964296,
"POL","QGDP","TOT","PC_CHGPP","Q","2018-Q3",1.243429412,
"POL","QGDP","TOT","PC_CHGPP","Q","2018-Q4",0.981563471,
"POL","QGDP","TOT","PC_CHGPP","Q","2019-Q1",1.394995845,
"POL","QGDP","TOT","PC_CHGPP","Q","2019-Q2",0.904398233,
"POL","QGDP","TOT","PC_CHGPP","Q","2019-Q3",0.74318166,
"POL","QGDP","TOT","PC_CHGPP","Q","2019-Q4",0.653723822,
"POL","QGDP","TOT","PC_CHGPP","Q","2020-Q1",0.740482537,
"POL","QGDP","TOT","PC_CHGPP","Q","2020-Q2",-9.20559796,
"POL","QGDP","TOT","PC_CHGPP","Q","2020-Q3",6.761717909,
"POL","QGDP","TOT","PC_CHGPP","Q","2020-Q4",0.121471225,
"POL","QGDP","TOT","PC_CHGPP","Q","2021-Q1",2.571794875,
"POL","QGDP","TOT","PC_CHGPP","Q","2021-Q2",2.173567115,
"POL","QGDP","TOT","PC_CHGPP","Q","2021-Q3",2.088769567,
"POL","QGDP","TOT","PC_CHGPP","Q","2021-Q4",1.634625676,
"POL","QGDP","TOT","PC_CHGPP","Q","2022-Q1",4.255502011,
"POL","QGDP","TOT","PC_CHGPP","Q","2022-Q2",-2.335642348,
"POL","QGDP","TOT","PC_CHGPP","Q","2022-Q3",0.958997775,
"DEU","QGDP","TOT","PC_CHGPP","Q","2015-Q4",0.439079962,
"DEU","QGDP","TOT","PC_CHGPP","Q","2016-Q1",0.839568541,
"DEU","QGDP","TOT","PC_CHGPP","Q","2016-Q2",0.443392669,
"DEU","QGDP","TOT","PC_CHGPP","Q","2016-Q3",0.255048728,
"DEU","QGDP","TOT","PC_CHGPP","Q","2016-Q4",0.36203717,
"DEU","QGDP","TOT","PC_CHGPP","Q","2017-Q1",1.204045529,
"DEU","QGDP","TOT","PC_CHGPP","Q","2017-Q2",0.847700291,
"DEU","QGDP","TOT","PC_CHGPP","Q","2017-Q3",0.735511417,
"DEU","QGDP","TOT","PC_CHGPP","Q","2017-Q4",0.910297803,
"DEU","QGDP","TOT","PC_CHGPP","Q","2018-Q1",-0.580238828,
"DEU","QGDP","TOT","PC_CHGPP","Q","2018-Q2",0.708886267,
"DEU","QGDP","TOT","PC_CHGPP","Q","2018-Q3",-0.788365008,
"DEU","QGDP","TOT","PC_CHGPP","Q","2018-Q4",0.794634591,
"DEU","QGDP","TOT","PC_CHGPP","Q","2019-Q1",0.71562698,"P"
"DEU","QGDP","TOT","PC_CHGPP","Q","2019-Q2",-0.167744144,"P"
"DEU","QGDP","TOT","PC_CHGPP","Q","2019-Q3",0.112016509,"P"
"DEU","QGDP","TOT","PC_CHGPP","Q","2019-Q4",0.261074062,"P"
"DEU","QGDP","TOT","PC_CHGPP","Q","2020-Q1",-1.422765492,"P"
"DEU","QGDP","TOT","PC_CHGPP","Q","2020-Q2",-9.481133512,"P"
"DEU","QGDP","TOT","PC_CHGPP","Q","2020-Q3",9.004694909,"P"
"DEU","QGDP","TOT","PC_CHGPP","Q","2020-Q4",0.621471543,"P"
"DEU","QGDP","TOT","PC_CHGPP","Q","2021-Q1",-1.468048603,"P"
"DEU","QGDP","TOT","PC_CHGPP","Q","2021-Q2",1.928643933,"P"
"DEU","QGDP","TOT","PC_CHGPP","Q","2021-Q3",0.785236875,"P"
"DEU","QGDP","TOT","PC_CHGPP","Q","2021-Q4",-0.02815511,"P"
"DEU","QGDP","TOT","PC_CHGPP","Q","2022-Q1",0.798122004,"P"
"DEU","QGDP","TOT","PC_CHGPP","Q","2022-Q2",0.102467351,"P"
"DEU","QGDP","TOT","PC_CHGPP","Q","2022-Q3",0.400146855,"P"
"IDN","QGDP","TOT","PC_CHGPP","Q","2015-Q4",1.274583398,
"IDN","QGDP","TOT","PC_CHGPP","Q","2016-Q1",1.209131708,
"IDN","QGDP","TOT","PC_CHGPP","Q","2016-Q2",1.263482753,
"IDN","QGDP","TOT","PC_CHGPP","Q","2016-Q3",1.234684942,
"IDN","QGDP","TOT","PC_CHGPP","Q","2016-Q4",1.211816774,
"IDN","QGDP","TOT","PC_CHGPP","Q","2017-Q1",1.250948225,
"IDN","QGDP","TOT","PC_CHGPP","Q","2017-Q2",1.248545011,
"IDN","QGDP","TOT","PC_CHGPP","Q","2017-Q3",1.255614164,
"IDN","QGDP","TOT","PC_CHGPP","Q","2017-Q4",1.274281111,
"IDN","QGDP","TOT","PC_CHGPP","Q","2018-Q1",1.279745136,
"IDN","QGDP","TOT","PC_CHGPP","Q","2018-Q2",1.259943222,
"IDN","QGDP","TOT","PC_CHGPP","Q","2018-Q3",1.275345983,
"IDN","QGDP","TOT","PC_CHGPP","Q","2018-Q4",1.274450005,
"IDN","QGDP","TOT","PC_CHGPP","Q","2019-Q1",1.24662922,
"IDN","QGDP","TOT","PC_CHGPP","Q","2019-Q2",1.224949043,
"IDN","QGDP","TOT","PC_CHGPP","Q","2019-Q3",1.181871791,
"IDN","QGDP","TOT","PC_CHGPP","Q","2019-Q4",1.057872586,
"IDN","QGDP","TOT","PC_CHGPP","Q","2020-Q1",-0.625522641,
"IDN","QGDP","TOT","PC_CHGPP","Q","2020-Q2",-6.987077016,
"IDN","QGDP","TOT","PC_CHGPP","Q","2020-Q3",3.368435724,
"IDN","QGDP","TOT","PC_CHGPP","Q","2020-Q4",2.456128642,
"IDN","QGDP","TOT","PC_CHGPP","Q","2021-Q1",0.871864351,
"IDN","QGDP","TOT","PC_CHGPP","Q","2021-Q2",0.127153806,
"IDN","QGDP","TOT","PC_CHGPP","Q","2021-Q3",0.185591584,
"IDN","QGDP","TOT","PC_CHGPP","Q","2021-Q4",3.774634496,
"IDN","QGDP","TOT","PC_CHGPP","Q","2022-Q1",0.778974698,
"IDN","QGDP","TOT","PC_CHGPP","Q","2022-Q2",0.669381397,
"IDN","QGDP","TOT","PC_CHGPP","Q","2022-Q3",0.568588751,
"LUX","QGDP","TOT","PC_CHGPP","Q","2015-Q4",0.616234493,
"LUX","QGDP","TOT","PC_CHGPP","Q","2016-Q1",3.099984006,
"LUX","QGDP","TOT","PC_CHGPP","Q","2016-Q2",1.358304065,
"LUX","QGDP","TOT","PC_CHGPP","Q","2016-Q3",0.680241176,
"LUX","QGDP","TOT","PC_CHGPP","Q","2016-Q4",0.466819823,
"LUX","QGDP","TOT","PC_CHGPP","Q","2017-Q1",-1.25561917,
"LUX","QGDP","TOT","PC_CHGPP","Q","2017-Q2",1.313553774,
"LUX","QGDP","TOT","PC_CHGPP","Q","2017-Q3",1.098946651,
"LUX","QGDP","TOT","PC_CHGPP","Q","2017-Q4",0.109057063,
"LUX","QGDP","TOT","PC_CHGPP","Q","2018-Q1",0.212947931,
"LUX","QGDP","TOT","PC_CHGPP","Q","2018-Q2",-0.616680465,
"LUX","QGDP","TOT","PC_CHGPP","Q","2018-Q3",0.925753139,
"LUX","QGDP","TOT","PC_CHGPP","Q","2018-Q4",0.342425415,
"LUX","QGDP","TOT","PC_CHGPP","Q","2019-Q1",0.305440693,
"LUX","QGDP","TOT","PC_CHGPP","Q","2019-Q2",1.761085703,
"LUX","QGDP","TOT","PC_CHGPP","Q","2019-Q3",-0.009661553,
"LUX","QGDP","TOT","PC_CHGPP","Q","2019-Q4",0.506468116,
"LUX","QGDP","TOT","PC_CHGPP","Q","2020-Q1",-1.233812646,
"LUX","QGDP","TOT","PC_CHGPP","Q","2020-Q2",-5.559299793,
"LUX","QGDP","TOT","PC_CHGPP","Q","2020-Q3",8.290337456,
"LUX","QGDP","TOT","PC_CHGPP","Q","2020-Q4",-0.368679044,
"LUX","QGDP","TOT","PC_CHGPP","Q","2021-Q1",2.021735062,
"LUX","QGDP","TOT","PC_CHGPP","Q","2021-Q2",0.581737437,
"LUX","QGDP","TOT","PC_CHGPP","Q","2021-Q3",-0.194103088,
"LUX","QGDP","TOT","PC_CHGPP","Q","2021-Q4",1.633183727,
"LUX","QGDP","TOT","PC_CHGPP","Q","2022-Q1",0.745967202,"P"
"LUX","QGDP","TOT","PC_CHGPP","Q","2022-Q2",-0.497233163,"P"
"LUX","QGDP","TOT","PC_CHGPP","Q","2022-Q3",1.110320251,"P"
"ZAF","QGDP","TOT","PC_CHGPP","Q","2015-Q4",0.433466201,
"ZAF","QGDP","TOT","PC_CHGPP","Q","2016-Q1",0.238864308,
"ZAF","QGDP","TOT","PC_CHGPP","Q","2016-Q2",0.096214305,
"ZAF","QGDP","TOT","PC_CHGPP","Q","2016-Q3",-0.012183122,
"ZAF","QGDP","TOT","PC_CHGPP","Q","2016-Q4",0.084913574,
"ZAF","QGDP","TOT","PC_CHGPP","Q","2017-Q1",0.472126567,
"ZAF","QGDP","TOT","PC_CHGPP","Q","2017-Q2",0.54530205,
"ZAF","QGDP","TOT","PC_CHGPP","Q","2017-Q3",0.183895972,
"ZAF","QGDP","TOT","PC_CHGPP","Q","2017-Q4",0.393361099,
"ZAF","QGDP","TOT","PC_CHGPP","Q","2018-Q1",0.419659147,
"ZAF","QGDP","TOT","PC_CHGPP","Q","2018-Q2",-0.20919102,
"ZAF","QGDP","TOT","PC_CHGPP","Q","2018-Q3",1.28271173,
"ZAF","QGDP","TOT","PC_CHGPP","Q","2018-Q4",0.352776575,
"ZAF","QGDP","TOT","PC_CHGPP","Q","2019-Q1",-0.905936171,
"ZAF","QGDP","TOT","PC_CHGPP","Q","2019-Q2",0.408283926,
"ZAF","QGDP","TOT","PC_CHGPP","Q","2019-Q3",0.138505833,
"ZAF","QGDP","TOT","PC_CHGPP","Q","2019-Q4",-0.034571232,
"ZAF","QGDP","TOT","PC_CHGPP","Q","2020-Q1",0.000695682,
"ZAF","QGDP","TOT","PC_CHGPP","Q","2020-Q2",-17.094183366,
"ZAF","QGDP","TOT","PC_CHGPP","Q","2020-Q3",13.764967337,
"ZAF","QGDP","TOT","PC_CHGPP","Q","2020-Q4",2.696950399,
"ZAF","QGDP","TOT","PC_CHGPP","Q","2021-Q1",0.822924303,
"ZAF","QGDP","TOT","PC_CHGPP","Q","2021-Q2",1.387912495,
"ZAF","QGDP","TOT","PC_CHGPP","Q","2021-Q3",-1.801676582,
"ZAF","QGDP","TOT","PC_CHGPP","Q","2021-Q4",1.369403562,
"ZAF","QGDP","TOT","PC_CHGPP","Q","2022-Q1",1.74312424,
"ZAF","QGDP","TOT","PC_CHGPP","Q","2022-Q2",-0.738679362,
"ZAF","QGDP","TOT","PC_CHGPP","Q","2022-Q3",1.620785411,
"RUS","QGDP","TOT","PC_CHGPP","Q","2015-Q4",-0.257791317,
"RUS","QGDP","TOT","PC_CHGPP","Q","2016-Q1",0.190057524,
"RUS","QGDP","TOT","PC_CHGPP","Q","2016-Q2",0.053848741,
"RUS","QGDP","TOT","PC_CHGPP","Q","2016-Q3",0.100716464,
"RUS","QGDP","TOT","PC_CHGPP","Q","2016-Q4",0.825105938,
"RUS","QGDP","TOT","PC_CHGPP","Q","2017-Q1",0.201684982,
"RUS","QGDP","TOT","PC_CHGPP","Q","2017-Q2",0.690456285,
"RUS","QGDP","TOT","PC_CHGPP","Q","2017-Q3",0.679484492,
"RUS","QGDP","TOT","PC_CHGPP","Q","2017-Q4",0.020994643,
"RUS","QGDP","TOT","PC_CHGPP","Q","2018-Q1",1.356032191,
"RUS","QGDP","TOT","PC_CHGPP","Q","2018-Q2",0.55794654,
"RUS","QGDP","TOT","PC_CHGPP","Q","2018-Q3",0.241368821,
"RUS","QGDP","TOT","PC_CHGPP","Q","2018-Q4",0.663966548,
"RUS","QGDP","TOT","PC_CHGPP","Q","2019-Q1",-0.038077851,
"RUS","QGDP","TOT","PC_CHGPP","Q","2019-Q2",2.261719554,
"RUS","QGDP","TOT","PC_CHGPP","Q","2019-Q3",-0.978355601,
"RUS","QGDP","TOT","PC_CHGPP","Q","2019-Q4",-0.452487734,
"RUS","QGDP","TOT","PC_CHGPP","Q","2020-Q1",-0.196323318,
"RUS","QGDP","TOT","PC_CHGPP","Q","2020-Q2",-4.485002074,
"RUS","QGDP","TOT","PC_CHGPP","Q","2020-Q3",2.7780786,
"RUS","QGDP","TOT","PC_CHGPP","Q","2020-Q4",0.739743224,
"RUS","QGDP","TOT","PC_CHGPP","Q","2021-Q1",0.680789326,
"RUS","QGDP","TOT","PC_CHGPP","Q","2021-Q2",3.190933741,
"RUS","QGDP","TOT","PC_CHGPP","Q","2021-Q3",-0.794505895,
"PRT","QGDP","TOT","PC_CHGPP","Q","2015-Q4",0.479259937,
"PRT","QGDP","TOT","PC_CHGPP","Q","2016-Q1",0.466787525,
"PRT","QGDP","TOT","PC_CHGPP","Q","2016-Q2",0.299561897,
"PRT","QGDP","TOT","PC_CHGPP","Q","2016-Q3",1.17409239,
"PRT","QGDP","TOT","PC_CHGPP","Q","2016-Q4",0.931975429,
"PRT","QGDP","TOT","PC_CHGPP","Q","2017-Q1",1.170816047,
"PRT","QGDP","TOT","PC_CHGPP","Q","2017-Q2",0.505247849,
"PRT","QGDP","TOT","PC_CHGPP","Q","2017-Q3",0.69498999,
"PRT","QGDP","TOT","PC_CHGPP","Q","2017-Q4",0.825446682,
"PRT","QGDP","TOT","PC_CHGPP","Q","2018-Q1",0.727368109,
"PRT","QGDP","TOT","PC_CHGPP","Q","2018-Q2",0.779536523,
"PRT","QGDP","TOT","PC_CHGPP","Q","2018-Q3",0.525723942,
"PRT","QGDP","TOT","PC_CHGPP","Q","2018-Q4",0.608994992,
"PRT","QGDP","TOT","PC_CHGPP","Q","2019-Q1",0.882987755,
"PRT","QGDP","TOT","PC_CHGPP","Q","2019-Q2",0.571006817,
"PRT","QGDP","TOT","PC_CHGPP","Q","2019-Q3",0.451880731,
"PRT","QGDP","TOT","PC_CHGPP","Q","2019-Q4",0.820784598,
"PRT","QGDP","TOT","PC_CHGPP","Q","2020-Q1",-4.355487705,"P"
"PRT","QGDP","TOT","PC_CHGPP","Q","2020-Q2",-15.119496961,"P"
"PRT","QGDP","TOT","PC_CHGPP","Q","2020-Q3",14.588001222,"P"
"PRT","QGDP","TOT","PC_CHGPP","Q","2020-Q4",0.370563245,"P"
"PRT","QGDP","TOT","PC_CHGPP","Q","2021-Q1",-2.570385739,"P"
"PRT","QGDP","TOT","PC_CHGPP","Q","2021-Q2",4.42474298,"P"
"PRT","QGDP","TOT","PC_CHGPP","Q","2021-Q3",2.781923432,"P"
"PRT","QGDP","TOT","PC_CHGPP","Q","2021-Q4",1.938733959,"P"
"PRT","QGDP","TOT","PC_CHGPP","Q","2022-Q1",2.354519315,"P"
"PRT","QGDP","TOT","PC_CHGPP","Q","2022-Q2",0.121061782,"P"
"PRT","QGDP","TOT","PC_CHGPP","Q","2022-Q3",0.375980162,"P"
"ITA","QGDP","TOT","PC_CHGPP","Q","2015-Q4",0.516384977,
"ITA","QGDP","TOT","PC_CHGPP","Q","2016-Q1",0.377990299,
"ITA","QGDP","TOT","PC_CHGPP","Q","2016-Q2",0.160116386,
"ITA","QGDP","TOT","PC_CHGPP","Q","2016-Q3",0.530086162,
"ITA","QGDP","TOT","PC_CHGPP","Q","2016-Q4",0.306783636,
"ITA","QGDP","TOT","PC_CHGPP","Q","2017-Q1",0.518184601,
"ITA","QGDP","TOT","PC_CHGPP","Q","2017-Q2",0.430463389,
"ITA","QGDP","TOT","PC_CHGPP","Q","2017-Q3",0.438108742,
"ITA","QGDP","TOT","PC_CHGPP","Q","2017-Q4",0.537517214,
"ITA","QGDP","TOT","PC_CHGPP","Q","2018-Q1",-0.107547494,
"ITA","QGDP","TOT","PC_CHGPP","Q","2018-Q2",0.044690859,
"ITA","QGDP","TOT","PC_CHGPP","Q","2018-Q3",0.126191204,
"ITA","QGDP","TOT","PC_CHGPP","Q","2018-Q4",0.291912901,
"ITA","QGDP","TOT","PC_CHGPP","Q","2019-Q1",0.189483196,
"ITA","QGDP","TOT","PC_CHGPP","Q","2019-Q2",0.223067353,
"ITA","QGDP","TOT","PC_CHGPP","Q","2019-Q3",0.075398451,
"ITA","QGDP","TOT","PC_CHGPP","Q","2019-Q4",-0.827166361,
"ITA","QGDP","TOT","PC_CHGPP","Q","2020-Q1",-5.860044386,
"ITA","QGDP","TOT","PC_CHGPP","Q","2020-Q2",-12.100581745,
"ITA","QGDP","TOT","PC_CHGPP","Q","2020-Q3",14.450404775,
"ITA","QGDP","TOT","PC_CHGPP","Q","2020-Q4",-0.817100658,
"ITA","QGDP","TOT","PC_CHGPP","Q","2021-Q1",0.303872937,
"ITA","QGDP","TOT","PC_CHGPP","Q","2021-Q2",2.485043718,
"ITA","QGDP","TOT","PC_CHGPP","Q","2021-Q3",2.768524603,
"ITA","QGDP","TOT","PC_CHGPP","Q","2021-Q4",0.84595761,
"ITA","QGDP","TOT","PC_CHGPP","Q","2022-Q1",0.160524687,
"ITA","QGDP","TOT","PC_CHGPP","Q","2022-Q2",1.133057696,
"ITA","QGDP","TOT","PC_CHGPP","Q","2022-Q3",0.460775351,
"AUT","QGDP","TOT","PC_CHGPP","Q","2015-Q4",0.156560148,
"AUT","QGDP","TOT","PC_CHGPP","Q","2016-Q1",0.73300623,
"AUT","QGDP","TOT","PC_CHGPP","Q","2016-Q2",0.348031414,
"AUT","QGDP","TOT","PC_CHGPP","Q","2016-Q3",0.490213792,
"AUT","QGDP","TOT","PC_CHGPP","Q","2016-Q4",0.922411662,
"AUT","QGDP","TOT","PC_CHGPP","Q","2017-Q1",0.289429644,
"AUT","QGDP","TOT","PC_CHGPP","Q","2017-Q2",0.71147841,
"AUT","QGDP","TOT","PC_CHGPP","Q","2017-Q3",0.615907128,
"AUT","QGDP","TOT","PC_CHGPP","Q","2017-Q4",0.615180432,
"AUT","QGDP","TOT","PC_CHGPP","Q","2018-Q1",0.715502347,
"AUT","QGDP","TOT","PC_CHGPP","Q","2018-Q2",0.294870034,
"AUT","QGDP","TOT","PC_CHGPP","Q","2018-Q3",0.382775626,
"AUT","QGDP","TOT","PC_CHGPP","Q","2018-Q4",1.280638742,
"AUT","QGDP","TOT","PC_CHGPP","Q","2019-Q1",0.374622944,
"AUT","QGDP","TOT","PC_CHGPP","Q","2019-Q2",-0.278805971,
"AUT","QGDP","TOT","PC_CHGPP","Q","2019-Q3",0.417883967,
"AUT","QGDP","TOT","PC_CHGPP","Q","2019-Q4",-0.476687467,
"AUT","QGDP","TOT","PC_CHGPP","Q","2020-Q1",-2.505005892,
"AUT","QGDP","TOT","PC_CHGPP","Q","2020-Q2",-11.321362246,
"AUT","QGDP","TOT","PC_CHGPP","Q","2020-Q3",11.302100112,
"AUT","QGDP","TOT","PC_CHGPP","Q","2020-Q4",-1.922984825,
"AUT","QGDP","TOT","PC_CHGPP","Q","2021-Q1",-1.008203634,
"AUT","QGDP","TOT","PC_CHGPP","Q","2021-Q2",4.110187188,
"AUT","QGDP","TOT","PC_CHGPP","Q","2021-Q3",4.314870585,
"AUT","QGDP","TOT","PC_CHGPP","Q","2021-Q4",-1.354653683,
"AUT","QGDP","TOT","PC_CHGPP","Q","2022-Q1",1.230730988,
"AUT","QGDP","TOT","PC_CHGPP","Q","2022-Q2",1.936702381,
"AUT","QGDP","TOT","PC_CHGPP","Q","2022-Q3",0.214305869,
"IRL","QGDP","TOT","PC_CHGPP","Q","2015-Q4",1.069351945,
"IRL","QGDP","TOT","PC_CHGPP","Q","2016-Q1",-3.509790283,
"IRL","QGDP","TOT","PC_CHGPP","Q","2016-Q2",1.370619712,
"IRL","QGDP","TOT","PC_CHGPP","Q","2016-Q3",0.427921889,
"IRL","QGDP","TOT","PC_CHGPP","Q","2016-Q4",10.875741347,
"IRL","QGDP","TOT","PC_CHGPP","Q","2017-Q1",-4.24627815,
"IRL","QGDP","TOT","PC_CHGPP","Q","2017-Q2",1.768825097,
"IRL","QGDP","TOT","PC_CHGPP","Q","2017-Q3",5.284848269,
"IRL","QGDP","TOT","PC_CHGPP","Q","2017-Q4",5.050924749,
"IRL","QGDP","TOT","PC_CHGPP","Q","2018-Q1",-0.187586638,
"IRL","QGDP","TOT","PC_CHGPP","Q","2018-Q2",2.186192922,
"IRL","QGDP","TOT","PC_CHGPP","Q","2018-Q3",0.347118812,
"IRL","QGDP","TOT","PC_CHGPP","Q","2018-Q4",0.967337701,
"IRL","QGDP","TOT","PC_CHGPP","Q","2019-Q1",1.607940666,
"IRL","QGDP","TOT","PC_CHGPP","Q","2019-Q2",1.647226543,
"IRL","QGDP","TOT","PC_CHGPP","Q","2019-Q3",1.804044187,
"IRL","QGDP","TOT","PC_CHGPP","Q","2019-Q4",1.273235923,
"IRL","QGDP","TOT","PC_CHGPP","Q","2020-Q1",2.633602718,
"IRL","QGDP","TOT","PC_CHGPP","Q","2020-Q2",-5.583892677,
"IRL","QGDP","TOT","PC_CHGPP","Q","2020-Q3",12.894430309,
"IRL","QGDP","TOT","PC_CHGPP","Q","2020-Q4",-4.645891554,
"IRL","QGDP","TOT","PC_CHGPP","Q","2021-Q1",8.942287682,
"IRL","QGDP","TOT","PC_CHGPP","Q","2021-Q2",1.931800848,
"IRL","QGDP","TOT","PC_CHGPP","Q","2021-Q3",3.797418637,
"IRL","QGDP","TOT","PC_CHGPP","Q","2021-Q4",-1.105441684,
"IRL","QGDP","TOT","PC_CHGPP","Q","2022-Q1",6.971280765,
"IRL","QGDP","TOT","PC_CHGPP","Q","2022-Q2",2.164584857,
"IRL","QGDP","TOT","PC_CHGPP","Q","2022-Q3",2.316439198,
"CHE","QGDP","TOT","PC_CHGPP","Q","2015-Q4",0.471328876,
"CHE","QGDP","TOT","PC_CHGPP","Q","2016-Q1",0.386789036,
"CHE","QGDP","TOT","PC_CHGPP","Q","2016-Q2",0.671791692,
"CHE","QGDP","TOT","PC_CHGPP","Q","2016-Q3",0.717905451,
"CHE","QGDP","TOT","PC_CHGPP","Q","2016-Q4",0.147049299,
"CHE","QGDP","TOT","PC_CHGPP","Q","2017-Q1",0.125245304,
"CHE","QGDP","TOT","PC_CHGPP","Q","2017-Q2",0.169182596,
"CHE","QGDP","TOT","PC_CHGPP","Q","2017-Q3",0.552289583,
"CHE","QGDP","TOT","PC_CHGPP","Q","2017-Q4",1.031144145,
"CHE","QGDP","TOT","PC_CHGPP","Q","2018-Q1",1.113469386,
"CHE","QGDP","TOT","PC_CHGPP","Q","2018-Q2",0.981808,
"CHE","QGDP","TOT","PC_CHGPP","Q","2018-Q3",-0.318907147,
"CHE","QGDP","TOT","PC_CHGPP","Q","2018-Q4",0.227327304,
"CHE","QGDP","TOT","PC_CHGPP","Q","2019-Q1",0.152124996,
"CHE","QGDP","TOT","PC_CHGPP","Q","2019-Q2",0.442970646,
"CHE","QGDP","TOT","PC_CHGPP","Q","2019-Q3",0.562174487,
"CHE","QGDP","TOT","PC_CHGPP","Q","2019-Q4",0.550738638,
"CHE","QGDP","TOT","PC_CHGPP","Q","2020-Q1",-1.503572156,
"CHE","QGDP","TOT","PC_CHGPP","Q","2020-Q2",-7.047209558,
"CHE","QGDP","TOT","PC_CHGPP","Q","2020-Q3",7.323282517,
"CHE","QGDP","TOT","PC_CHGPP","Q","2020-Q4",0.259281928,
"CHE","QGDP","TOT","PC_CHGPP","Q","2021-Q1",-0.133696121,
"CHE","QGDP","TOT","PC_CHGPP","Q","2021-Q2",2.013748831,
"CHE","QGDP","TOT","PC_CHGPP","Q","2021-Q3",1.799396215,
"CHE","QGDP","TOT","PC_CHGPP","Q","2021-Q4",0.087540647,
"CHE","QGDP","TOT","PC_CHGPP","Q","2022-Q1",0.310349846,
"CHE","QGDP","TOT","PC_CHGPP","Q","2022-Q2",0.102771306,
"CHE","QGDP","TOT","PC_CHGPP","Q","2022-Q3",0.243612991,
"NZL","QGDP","TOT","PC_CHGPP","Q","2015-Q4",1.049216174,
"NZL","QGDP","TOT","PC_CHGPP","Q","2016-Q1",1.162222532,
"NZL","QGDP","TOT","PC_CHGPP","Q","2016-Q2",0.957391754,
"NZL","QGDP","TOT","PC_CHGPP","Q","2016-Q3",0.88338317,
"NZL","QGDP","TOT","PC_CHGPP","Q","2016-Q4",0.374309813,
"NZL","QGDP","TOT","PC_CHGPP","Q","2017-Q1",1.037746992,
"NZL","QGDP","TOT","PC_CHGPP","Q","2017-Q2",1.087210662,
"NZL","QGDP","TOT","PC_CHGPP","Q","2017-Q3",0.854136034,
"NZL","QGDP","TOT","PC_CHGPP","Q","2017-Q4",0.845264227,
"NZL","QGDP","TOT","PC_CHGPP","Q","2018-Q1",0.766706735,
"NZL","QGDP","TOT","PC_CHGPP","Q","2018-Q2",1.115517297,
"NZL","QGDP","TOT","PC_CHGPP","Q","2018-Q3",0.283773874,
"NZL","QGDP","TOT","PC_CHGPP","Q","2018-Q4",1.267010047,
"NZL","QGDP","TOT","PC_CHGPP","Q","2019-Q1",0.572989435,
"NZL","QGDP","TOT","PC_CHGPP","Q","2019-Q2",0.540068055,
"NZL","QGDP","TOT","PC_CHGPP","Q","2019-Q3",0.832143079,
"NZL","QGDP","TOT","PC_CHGPP","Q","2019-Q4",0.326414978,
"NZL","QGDP","TOT","PC_CHGPP","Q","2020-Q1",-1.14640884,
"NZL","QGDP","TOT","PC_CHGPP","Q","2020-Q2",-10.393864593,
"NZL","QGDP","TOT","PC_CHGPP","Q","2020-Q3",13.675110018,
"NZL","QGDP","TOT","PC_CHGPP","Q","2020-Q4",-0.419137035,
"NZL","QGDP","TOT","PC_CHGPP","Q","2021-Q1",1.724929595,
"NZL","QGDP","TOT","PC_CHGPP","Q","2021-Q2",2.347170606,
"NZL","QGDP","TOT","PC_CHGPP","Q","2021-Q3",-3.935433603,
"NZL","QGDP","TOT","PC_CHGPP","Q","2021-Q4",3.019312582,
"NZL","QGDP","TOT","PC_CHGPP","Q","2022-Q1",-0.236188892,
"NZL","QGDP","TOT","PC_CHGPP","Q","2022-Q2",1.713817749,
"CHN","QGDP","TOT","PC_CHGPP","Q","2015-Q4",1.6,
"CHN","QGDP","TOT","PC_CHGPP","Q","2016-Q1",1.4,
"CHN","QGDP","TOT","PC_CHGPP","Q","2016-Q2",1.9,
"CHN","QGDP","TOT","PC_CHGPP","Q","2016-Q3",1.7,
"CHN","QGDP","TOT","PC_CHGPP","Q","2016-Q4",1.6,
"CHN","QGDP","TOT","PC_CHGPP","Q","2017-Q1",1.8,
"CHN","QGDP","TOT","PC_CHGPP","Q","2017-Q2",1.7,
"CHN","QGDP","TOT","PC_CHGPP","Q","2017-Q3",1.6,
"CHN","QGDP","TOT","PC_CHGPP","Q","2017-Q4",1.6,
"CHN","QGDP","TOT","PC_CHGPP","Q","2018-Q1",1.9,
"CHN","QGDP","TOT","PC_CHGPP","Q","2018-Q2",1.7,
"CHN","QGDP","TOT","PC_CHGPP","Q","2018-Q3",1.4,
"CHN","QGDP","TOT","PC_CHGPP","Q","2018-Q4",1.4,
"CHN","QGDP","TOT","PC_CHGPP","Q","2019-Q1",1.7,
"CHN","QGDP","TOT","PC_CHGPP","Q","2019-Q2",1.4,
"CHN","QGDP","TOT","PC_CHGPP","Q","2019-Q3",1.3,
"CHN","QGDP","TOT","PC_CHGPP","Q","2019-Q4",1.1,
"CHN","QGDP","TOT","PC_CHGPP","Q","2020-Q1",-10.1,
"CHN","QGDP","TOT","PC_CHGPP","Q","2020-Q2",11.6,
"CHN","QGDP","TOT","PC_CHGPP","Q","2020-Q3",3.2,
"CHN","QGDP","TOT","PC_CHGPP","Q","2020-Q4",2.4,
"CHN","QGDP","TOT","PC_CHGPP","Q","2021-Q1",0.8,
"CHN","QGDP","TOT","PC_CHGPP","Q","2021-Q2",1.4,
"CHN","QGDP","TOT","PC_CHGPP","Q","2021-Q3",0.4,
"CHN","QGDP","TOT","PC_CHGPP","Q","2021-Q4",1.3,
"CHN","QGDP","TOT","PC_CHGPP","Q","2022-Q1",1.6,
"CHN","QGDP","TOT","PC_CHGPP","Q","2022-Q2",-2.7,
"CHN","QGDP","TOT","PC_CHGPP","Q","2022-Q3",3.9,
"CHL","QGDP","TOT","PC_CHGPP","Q","2015-Q4",0.786231492,
"CHL","QGDP","TOT","PC_CHGPP","Q","2016-Q1",1.341427486,
"CHL","QGDP","TOT","PC_CHGPP","Q","2016-Q2",-0.714488736,
"CHL","QGDP","TOT","PC_CHGPP","Q","2016-Q3",0.597029028,
"CHL","QGDP","TOT","PC_CHGPP","Q","2016-Q4",-0.091803225,
"CHL","QGDP","TOT","PC_CHGPP","Q","2017-Q1",-0.319666109,
"CHL","QGDP","TOT","PC_CHGPP","Q","2017-Q2",0.94171077,
"CHL","QGDP","TOT","PC_CHGPP","Q","2017-Q3",1.89356041,
"CHL","QGDP","TOT","PC_CHGPP","Q","2017-Q4",0.754979327,
"CHL","QGDP","TOT","PC_CHGPP","Q","2018-Q1",1.387383595,
"CHL","QGDP","TOT","PC_CHGPP","Q","2018-Q2",0.984805909,
"CHL","QGDP","TOT","PC_CHGPP","Q","2018-Q3",-0.371028789,
"CHL","QGDP","TOT","PC_CHGPP","Q","2018-Q4",1.187413119,
"CHL","QGDP","TOT","PC_CHGPP","Q","2019-Q1",-0.068093582,
"CHL","QGDP","TOT","PC_CHGPP","Q","2019-Q2",0.878283505,
"CHL","QGDP","TOT","PC_CHGPP","Q","2019-Q3",0.334615464,
"CHL","QGDP","TOT","PC_CHGPP","Q","2019-Q4",-3.941958839,
"CHL","QGDP","TOT","PC_CHGPP","Q","2020-Q1",2.241782344,
"CHL","QGDP","TOT","PC_CHGPP","Q","2020-Q2",-12.951958514,
"CHL","QGDP","TOT","PC_CHGPP","Q","2020-Q3",5.451150931,
"CHL","QGDP","TOT","PC_CHGPP","Q","2020-Q4",6.665278172,
"CHL","QGDP","TOT","PC_CHGPP","Q","2021-Q1",3.663587692,
"CHL","QGDP","TOT","PC_CHGPP","Q","2021-Q2",1.348715839,
"CHL","QGDP","TOT","PC_CHGPP","Q","2021-Q3",4.611339688,
"CHL","QGDP","TOT","PC_CHGPP","Q","2021-Q4",1.692121555,
"CHL","QGDP","TOT","PC_CHGPP","Q","2022-Q1",-0.686220584,
"CHL","QGDP","TOT","PC_CHGPP","Q","2022-Q2",0.138327182,
"CHL","QGDP","TOT","PC_CHGPP","Q","2022-Q3",-1.180470028,
"SWE","QGDP","TOT","PC_CHGPP","Q","2015-Q4",0.723750983,
"SWE","QGDP","TOT","PC_CHGPP","Q","2016-Q1",-0.031160389,
"SWE","QGDP","TOT","PC_CHGPP","Q","2016-Q2",0.032141637,
"SWE","QGDP","TOT","PC_CHGPP","Q","2016-Q3",0.324550506,
"SWE","QGDP","TOT","PC_CHGPP","Q","2016-Q4",0.828193762,
"SWE","QGDP","TOT","PC_CHGPP","Q","2017-Q1",0.51879014,
"SWE","QGDP","TOT","PC_CHGPP","Q","2017-Q2",1.287177181,
"SWE","QGDP","TOT","PC_CHGPP","Q","2017-Q3",0.955688314,
"SWE","QGDP","TOT","PC_CHGPP","Q","2017-Q4",0.110302675,
"SWE","QGDP","TOT","PC_CHGPP","Q","2018-Q1",0.451532739,
"SWE","QGDP","TOT","PC_CHGPP","Q","2018-Q2",1.002499476,
"SWE","QGDP","TOT","PC_CHGPP","Q","2018-Q3",-0.70216474,
"SWE","QGDP","TOT","PC_CHGPP","Q","2018-Q4",1.141734714,
"SWE","QGDP","TOT","PC_CHGPP","Q","2019-Q1",0.649622688,
"SWE","QGDP","TOT","PC_CHGPP","Q","2019-Q2",0.566807636,
"SWE","QGDP","TOT","PC_CHGPP","Q","2019-Q3",0.269065666,
"SWE","QGDP","TOT","PC_CHGPP","Q","2019-Q4",0.158269368,
"SWE","QGDP","TOT","PC_CHGPP","Q","2020-Q1",-0.002702467,
"SWE","QGDP","TOT","PC_CHGPP","Q","2020-Q2",-8.115803856,
"SWE","QGDP","TOT","PC_CHGPP","Q","2020-Q3",7.540701536,
"SWE","QGDP","TOT","PC_CHGPP","Q","2020-Q4",-0.395512461,
"SWE","QGDP","TOT","PC_CHGPP","Q","2021-Q1",1.633257339,
"SWE","QGDP","TOT","PC_CHGPP","Q","2021-Q2",0.783354872,
"SWE","QGDP","TOT","PC_CHGPP","Q","2021-Q3",2.016587833,
"SWE","QGDP","TOT","PC_CHGPP","Q","2021-Q4",1.316138112,
"SWE","QGDP","TOT","PC_CHGPP","Q","2022-Q1",-0.074566434,
"SWE","QGDP","TOT","PC_CHGPP","Q","2022-Q2",0.727979818,
"SWE","QGDP","TOT","PC_CHGPP","Q","2022-Q3",0.599676756,
"FRA","QGDP","TOT","PC_CHGPP","Q","2015-Q4",0.204986153,
"FRA","QGDP","TOT","PC_CHGPP","Q","2016-Q1",0.63002179,
"FRA","QGDP","TOT","PC_CHGPP","Q","2016-Q2",-0.301348139,
"FRA","QGDP","TOT","PC_CHGPP","Q","2016-Q3",0.274986953,
"FRA","QGDP","TOT","PC_CHGPP","Q","2016-Q4",0.597847298,
"FRA","QGDP","TOT","PC_CHGPP","Q","2017-Q1",0.746378731,
"FRA","QGDP","TOT","PC_CHGPP","Q","2017-Q2",0.797145815,
"FRA","QGDP","TOT","PC_CHGPP","Q","2017-Q3",0.831097493,
"FRA","QGDP","TOT","PC_CHGPP","Q","2017-Q4",0.616893528,
"FRA","QGDP","TOT","PC_CHGPP","Q","2018-Q1",0.070581932,
"FRA","QGDP","TOT","PC_CHGPP","Q","2018-Q2",0.448888886,
"FRA","QGDP","TOT","PC_CHGPP","Q","2018-Q3",0.359990929,
"FRA","QGDP","TOT","PC_CHGPP","Q","2018-Q4",0.599489026,
"FRA","QGDP","TOT","PC_CHGPP","Q","2019-Q1",0.687838675,
"FRA","QGDP","TOT","PC_CHGPP","Q","2019-Q2",0.695842467,
"FRA","QGDP","TOT","PC_CHGPP","Q","2019-Q3",-0.018529221,
"FRA","QGDP","TOT","PC_CHGPP","Q","2019-Q4",-0.278194981,
"FRA","QGDP","TOT","PC_CHGPP","Q","2020-Q1",-5.549058841,
"FRA","QGDP","TOT","PC_CHGPP","Q","2020-Q2",-13.50293709,
"FRA","QGDP","TOT","PC_CHGPP","Q","2020-Q3",18.279807046,
"FRA","QGDP","TOT","PC_CHGPP","Q","2020-Q4",-0.890252728,
"FRA","QGDP","TOT","PC_CHGPP","Q","2021-Q1",0.075525415,
"FRA","QGDP","TOT","PC_CHGPP","Q","2021-Q2",1.106267903,
"FRA","QGDP","TOT","PC_CHGPP","Q","2021-Q3",3.286365125,
"FRA","QGDP","TOT","PC_CHGPP","Q","2021-Q4",0.56736731,
"FRA","QGDP","TOT","PC_CHGPP","Q","2022-Q1",-0.202158354,
"FRA","QGDP","TOT","PC_CHGPP","Q","2022-Q2",0.48243203,
"FRA","QGDP","TOT","PC_CHGPP","Q","2022-Q3",0.174792927,
"GRC","QGDP","TOT","PC_CHGPP","Q","2015-Q4",1.74856842,
"GRC","QGDP","TOT","PC_CHGPP","Q","2016-Q1",-0.870290271,
"GRC","QGDP","TOT","PC_CHGPP","Q","2016-Q2",-0.328388849,
"GRC","QGDP","TOT","PC_CHGPP","Q","2016-Q3",0.388320131,
"GRC","QGDP","TOT","PC_CHGPP","Q","2016-Q4",0.671283465,
"GRC","QGDP","TOT","PC_CHGPP","Q","2017-Q1",-0.220852404,
"GRC","QGDP","TOT","PC_CHGPP","Q","2017-Q2",0.524190249,
"GRC","QGDP","TOT","PC_CHGPP","Q","2017-Q3",1.012215364,
"GRC","QGDP","TOT","PC_CHGPP","Q","2017-Q4",-0.93579818,
"GRC","QGDP","TOT","PC_CHGPP","Q","2018-Q1",1.237052246,
"GRC","QGDP","TOT","PC_CHGPP","Q","2018-Q2",0.348357888,
"GRC","QGDP","TOT","PC_CHGPP","Q","2018-Q3",-0.108884076,
"GRC","QGDP","TOT","PC_CHGPP","Q","2018-Q4",0.650825421,
"GRC","QGDP","TOT","PC_CHGPP","Q","2019-Q1",0.815928184,
"GRC","QGDP","TOT","PC_CHGPP","Q","2019-Q2",1.036455402,
"GRC","QGDP","TOT","PC_CHGPP","Q","2019-Q3",-0.397980112,
"GRC","QGDP","TOT","PC_CHGPP","Q","2019-Q4",-0.27085348,
"GRC","QGDP","TOT","PC_CHGPP","Q","2020-Q1",-1.940874558,"P"
"GRC","QGDP","TOT","PC_CHGPP","Q","2020-Q2",-13.354608134,"P"
"GRC","QGDP","TOT","PC_CHGPP","Q","2020-Q3",5.336499915,"P"
"GRC","QGDP","TOT","PC_CHGPP","Q","2020-Q4",4.111236321,"P"
"GRC","QGDP","TOT","PC_CHGPP","Q","2021-Q1",3.061652986,"P"
"GRC","QGDP","TOT","PC_CHGPP","Q","2021-Q2",1.322874174,"P"
"GRC","QGDP","TOT","PC_CHGPP","Q","2021-Q3",3.58576804,"P"
"GRC","QGDP","TOT","PC_CHGPP","Q","2021-Q4",0.577293486,"P"
"GRC","QGDP","TOT","PC_CHGPP","Q","2022-Q1",2.179143768,"P"
"GRC","QGDP","TOT","PC_CHGPP","Q","2022-Q2",0.587291694,"P"
"GRC","QGDP","TOT","PC_CHGPP","Q","2022-Q3",-0.53899533,"P"
"OECDE","QGDP","TOT","PC_CHGPP","Q","2015-Q4",0.57581,
"OECDE","QGDP","TOT","PC_CHGPP","Q","2016-Q1",0.441378,
"OECDE","QGDP","TOT","PC_CHGPP","Q","2016-Q2",0.489099,
"OECDE","QGDP","TOT","PC_CHGPP","Q","2016-Q3",0.174097,
"OECDE","QGDP","TOT","PC_CHGPP","Q","2016-Q4",1.221067,
"OECDE","QGDP","TOT","PC_CHGPP","Q","2017-Q1",0.782986,
"OECDE","QGDP","TOT","PC_CHGPP","Q","2017-Q2",0.942166,
"OECDE","QGDP","TOT","PC_CHGPP","Q","2017-Q3",0.827011,
"OECDE","QGDP","TOT","PC_CHGPP","Q","2017-Q4",0.884577,
"OECDE","QGDP","TOT","PC_CHGPP","Q","2018-Q1",0.320339,
"OECDE","QGDP","TOT","PC_CHGPP","Q","2018-Q2",0.60386,
"OECDE","QGDP","TOT","PC_CHGPP","Q","2018-Q3",0.011126,
"OECDE","QGDP","TOT","PC_CHGPP","Q","2018-Q4",0.251118,
"OECDE","QGDP","TOT","PC_CHGPP","Q","2019-Q1",0.764858,
"OECDE","QGDP","TOT","PC_CHGPP","Q","2019-Q2",0.528874,
"OECDE","QGDP","TOT","PC_CHGPP","Q","2019-Q3",0.307341,
"OECDE","QGDP","TOT","PC_CHGPP","Q","2019-Q4",0.203256,
"OECDE","QGDP","TOT","PC_CHGPP","Q","2020-Q1",-2.588696,
"OECDE","QGDP","TOT","PC_CHGPP","Q","2020-Q2",-12.18258,
"OECDE","QGDP","TOT","PC_CHGPP","Q","2020-Q3",12.342948,
"OECDE","QGDP","TOT","PC_CHGPP","Q","2020-Q4",0.155106,
"OECDE","QGDP","TOT","PC_CHGPP","Q","2021-Q1",0.212625,
"OECDE","QGDP","TOT","PC_CHGPP","Q","2021-Q2",2.496228,
"OECDE","QGDP","TOT","PC_CHGPP","Q","2021-Q3",2.203571,
"OECDE","QGDP","TOT","PC_CHGPP","Q","2021-Q4",0.910084,
"OECDE","QGDP","TOT","PC_CHGPP","Q","2022-Q1",0.741402,
"OECDE","QGDP","TOT","PC_CHGPP","Q","2022-Q2",0.647366,
"OECDE","QGDP","TOT","PC_CHGPP","Q","2022-Q3",0.250386,
"G-7","QGDP","TOT","PC_CHGPP","Q","2015-Q4",0.201967,
"G-7","QGDP","TOT","PC_CHGPP","Q","2016-Q1",0.609481,
"G-7","QGDP","TOT","PC_CHGPP","Q","2016-Q2",0.188928,
"G-7","QGDP","TOT","PC_CHGPP","Q","2016-Q3",0.484878,
"G-7","QGDP","TOT","PC_CHGPP","Q","2016-Q4",0.444571,
"G-7","QGDP","TOT","PC_CHGPP","Q","2017-Q1",0.650795,
"G-7","QGDP","TOT","PC_CHGPP","Q","2017-Q2",0.561762,
"G-7","QGDP","TOT","PC_CHGPP","Q","2017-Q3",0.753472,
"G-7","QGDP","TOT","PC_CHGPP","Q","2017-Q4",0.765145,
"G-7","QGDP","TOT","PC_CHGPP","Q","2018-Q1",0.342404,
"G-7","QGDP","TOT","PC_CHGPP","Q","2018-Q2",0.569104,
"G-7","QGDP","TOT","PC_CHGPP","Q","2018-Q3",0.314063,
"G-7","QGDP","TOT","PC_CHGPP","Q","2018-Q4",0.25988,
"G-7","QGDP","TOT","PC_CHGPP","Q","2019-Q1",0.49794,
"G-7","QGDP","TOT","PC_CHGPP","Q","2019-Q2",0.475756,
"G-7","QGDP","TOT","PC_CHGPP","Q","2019-Q3",0.552003,
"G-7","QGDP","TOT","PC_CHGPP","Q","2019-Q4",-0.155705,
"G-7","QGDP","TOT","PC_CHGPP","Q","2020-Q1",-1.784854,
"G-7","QGDP","TOT","PC_CHGPP","Q","2020-Q2",-10.173666,
"G-7","QGDP","TOT","PC_CHGPP","Q","2020-Q3",9.455333,
"G-7","QGDP","TOT","PC_CHGPP","Q","2020-Q4",0.861931,
"G-7","QGDP","TOT","PC_CHGPP","Q","2021-Q1",0.596817,
"G-7","QGDP","TOT","PC_CHGPP","Q","2021-Q2",1.80722,
"G-7","QGDP","TOT","PC_CHGPP","Q","2021-Q3",0.978917,
"G-7","QGDP","TOT","PC_CHGPP","Q","2021-Q4",1.3006,
"G-7","QGDP","TOT","PC_CHGPP","Q","2022-Q1",-0.106022,
"G-7","QGDP","TOT","PC_CHGPP","Q","2022-Q2",0.227428,
"G-7","QGDP","TOT","PC_CHGPP","Q","2022-Q3",0.452704,
"G-20","QGDP","TOT","PC_CHGPP","Q","2015-Q4",0.66612,
"G-20","QGDP","TOT","PC_CHGPP","Q","2016-Q1",0.89578,
"G-20","QGDP","TOT","PC_CHGPP","Q","2016-Q2",0.72276,
"G-20","QGDP","TOT","PC_CHGPP","Q","2016-Q3",0.76678,
"G-20","QGDP","TOT","PC_CHGPP","Q","2016-Q4",1.03576,
"G-20","QGDP","TOT","PC_CHGPP","Q","2017-Q1",0.85266,
"G-20","QGDP","TOT","PC_CHGPP","Q","2017-Q2",1.02393,
"G-20","QGDP","TOT","PC_CHGPP","Q","2017-Q3",1.03566,
"G-20","QGDP","TOT","PC_CHGPP","Q","2017-Q4",1.01337,
"G-20","QGDP","TOT","PC_CHGPP","Q","2018-Q1",0.96598,
"G-20","QGDP","TOT","PC_CHGPP","Q","2018-Q2",0.79751,
"G-20","QGDP","TOT","PC_CHGPP","Q","2018-Q3",0.69415,
"G-20","QGDP","TOT","PC_CHGPP","Q","2018-Q4",0.58843,
"G-20","QGDP","TOT","PC_CHGPP","Q","2019-Q1",0.81323,
"G-20","QGDP","TOT","PC_CHGPP","Q","2019-Q2",0.90302,
"G-20","QGDP","TOT","PC_CHGPP","Q","2019-Q3",0.51199,
"G-20","QGDP","TOT","PC_CHGPP","Q","2019-Q4",0.29037,
"G-20","QGDP","TOT","PC_CHGPP","Q","2020-Q1",-3.16735,
"G-20","QGDP","TOT","PC_CHGPP","Q","2020-Q2",-6.22231,
"G-20","QGDP","TOT","PC_CHGPP","Q","2020-Q3",7.77957,
"G-20","QGDP","TOT","PC_CHGPP","Q","2020-Q4",1.82901,
"G-20","QGDP","TOT","PC_CHGPP","Q","2021-Q1",0.675,
"G-20","QGDP","TOT","PC_CHGPP","Q","2021-Q2",1.41322,
"G-20","QGDP","TOT","PC_CHGPP","Q","2021-Q3",0.84622,
"G-20","QGDP","TOT","PC_CHGPP","Q","2021-Q4",1.6,
"G-20","QGDP","TOT","PC_CHGPP","Q","2022-Q1",0.6,
"G-20","QGDP","TOT","PC_CHGPP","Q","2022-Q2",-0.3,
"G-20","QGDP","TOT","PC_CHGPP","Q","2022-Q3",1.3,
"COL","QGDP","TOT","PC_CHGPP","Q","2015-Q4",-0.352576994,
"COL","QGDP","TOT","PC_CHGPP","Q","2016-Q1",0.747157269,
"COL","QGDP","TOT","PC_CHGPP","Q","2016-Q2",0.61708826,
"COL","QGDP","TOT","PC_CHGPP","Q","2016-Q3",0.571959822,
"COL","QGDP","TOT","PC_CHGPP","Q","2016-Q4",0.609298347,
"COL","QGDP","TOT","PC_CHGPP","Q","2017-Q1",-0.277636499,
"COL","QGDP","TOT","PC_CHGPP","Q","2017-Q2",0.38661229,
"COL","QGDP","TOT","PC_CHGPP","Q","2017-Q3",0.663331855,
"COL","QGDP","TOT","PC_CHGPP","Q","2017-Q4",0.457964168,
"COL","QGDP","TOT","PC_CHGPP","Q","2018-Q1",0.468990752,
"COL","QGDP","TOT","PC_CHGPP","Q","2018-Q2",0.731865108,
"COL","QGDP","TOT","PC_CHGPP","Q","2018-Q3",1.278613486,
"COL","QGDP","TOT","PC_CHGPP","Q","2018-Q4",0.437622804,
"COL","QGDP","TOT","PC_CHGPP","Q","2019-Q1",0.713125806,
"COL","QGDP","TOT","PC_CHGPP","Q","2019-Q2",0.733581672,
"COL","QGDP","TOT","PC_CHGPP","Q","2019-Q3",1.348842243,
"COL","QGDP","TOT","PC_CHGPP","Q","2019-Q4",0.254572761,
"COL","QGDP","TOT","PC_CHGPP","Q","2020-Q1",-2.052172747,
"COL","QGDP","TOT","PC_CHGPP","Q","2020-Q2",-15.990848227,
"COL","QGDP","TOT","PC_CHGPP","Q","2020-Q3",10.974962406,
"COL","QGDP","TOT","PC_CHGPP","Q","2020-Q4",5.585487438,
"COL","QGDP","TOT","PC_CHGPP","Q","2021-Q1",3.289328579,
"COL","QGDP","TOT","PC_CHGPP","Q","2021-Q2",-2.386860268,
"COL","QGDP","TOT","PC_CHGPP","Q","2021-Q3",6.862033339,
"COL","QGDP","TOT","PC_CHGPP","Q","2021-Q4",2.590967539,
"COL","QGDP","TOT","PC_CHGPP","Q","2022-Q1",1.454924047,
"COL","QGDP","TOT","PC_CHGPP","Q","2022-Q2",1.278982569,
"COL","QGDP","TOT","PC_CHGPP","Q","2022-Q3",1.563993432,
"EA19","QGDP","TOT","PC_CHGPP","Q","2015-Q4",0.462101,
"EA19","QGDP","TOT","PC_CHGPP","Q","2016-Q1",0.555827,
"EA19","QGDP","TOT","PC_CHGPP","Q","2016-Q2",0.23384,
"EA19","QGDP","TOT","PC_CHGPP","Q","2016-Q3",0.476872,
"EA19","QGDP","TOT","PC_CHGPP","Q","2016-Q4",0.757131,
"EA19","QGDP","TOT","PC_CHGPP","Q","2017-Q1",0.68295,
"EA19","QGDP","TOT","PC_CHGPP","Q","2017-Q2",0.788753,
"EA19","QGDP","TOT","PC_CHGPP","Q","2017-Q3",0.776041,
"EA19","QGDP","TOT","PC_CHGPP","Q","2017-Q4",0.809131,
"EA19","QGDP","TOT","PC_CHGPP","Q","2018-Q1",-0.00351,
"EA19","QGDP","TOT","PC_CHGPP","Q","2018-Q2",0.539352,
"EA19","QGDP","TOT","PC_CHGPP","Q","2018-Q3",0.008702,
"EA19","QGDP","TOT","PC_CHGPP","Q","2018-Q4",0.646591,
"EA19","QGDP","TOT","PC_CHGPP","Q","2019-Q1",0.628154,
"EA19","QGDP","TOT","PC_CHGPP","Q","2019-Q2",0.313693,
"EA19","QGDP","TOT","PC_CHGPP","Q","2019-Q3",0.207452,
"EA19","QGDP","TOT","PC_CHGPP","Q","2019-Q4",0.015764,
"EA19","QGDP","TOT","PC_CHGPP","Q","2020-Q1",-3.363785,
"EA19","QGDP","TOT","PC_CHGPP","Q","2020-Q2",-11.450082,
"EA19","QGDP","TOT","PC_CHGPP","Q","2020-Q3",12.351114,
"EA19","QGDP","TOT","PC_CHGPP","Q","2020-Q4",-0.262344,
"EA19","QGDP","TOT","PC_CHGPP","Q","2021-Q1",-0.062097,
"EA19","QGDP","TOT","PC_CHGPP","Q","2021-Q2",1.986212,
"EA19","QGDP","TOT","PC_CHGPP","Q","2021-Q3",2.250638,
"EA19","QGDP","TOT","PC_CHGPP","Q","2021-Q4",0.535206,
"EA19","QGDP","TOT","PC_CHGPP","Q","2022-Q1",0.611326,
"EA19","QGDP","TOT","PC_CHGPP","Q","2022-Q2",0.795109,
"EA19","QGDP","TOT","PC_CHGPP","Q","2022-Q3",0.318413,
"LTU","QGDP","TOT","PC_CHGPP","Q","2015-Q4",0.322506958,
"LTU","QGDP","TOT","PC_CHGPP","Q","2016-Q1",0.401076303,
"LTU","QGDP","TOT","PC_CHGPP","Q","2016-Q2",0.712266978,
"LTU","QGDP","TOT","PC_CHGPP","Q","2016-Q3",1.034935238,
"LTU","QGDP","TOT","PC_CHGPP","Q","2016-Q4",1.197472477,
"LTU","QGDP","TOT","PC_CHGPP","Q","2017-Q1",1.177316113,
"LTU","QGDP","TOT","PC_CHGPP","Q","2017-Q2",0.944330314,
"LTU","QGDP","TOT","PC_CHGPP","Q","2017-Q3",1.019588202,
"LTU","QGDP","TOT","PC_CHGPP","Q","2017-Q4",0.908882781,
"LTU","QGDP","TOT","PC_CHGPP","Q","2018-Q1",0.843969472,
"LTU","QGDP","TOT","PC_CHGPP","Q","2018-Q2",1.128324493,
"LTU","QGDP","TOT","PC_CHGPP","Q","2018-Q3",0.996620107,
"LTU","QGDP","TOT","PC_CHGPP","Q","2018-Q4",1.268400884,
"LTU","QGDP","TOT","PC_CHGPP","Q","2019-Q1",1.471102521,
"LTU","QGDP","TOT","PC_CHGPP","Q","2019-Q2",1.111833602,
"LTU","QGDP","TOT","PC_CHGPP","Q","2019-Q3",0.443817601,
"LTU","QGDP","TOT","PC_CHGPP","Q","2019-Q4",1.173218735,
"LTU","QGDP","TOT","PC_CHGPP","Q","2020-Q1",0.448634294,
"LTU","QGDP","TOT","PC_CHGPP","Q","2020-Q2",-5.346018482,
"LTU","QGDP","TOT","PC_CHGPP","Q","2020-Q3",3.692974884,
"LTU","QGDP","TOT","PC_CHGPP","Q","2020-Q4",1.798137829,
"LTU","QGDP","TOT","PC_CHGPP","Q","2021-Q1",2.211155404,
"LTU","QGDP","TOT","PC_CHGPP","Q","2021-Q2",1.63662855,
"LTU","QGDP","TOT","PC_CHGPP","Q","2021-Q3",0.738159321,
"LTU","QGDP","TOT","PC_CHGPP","Q","2021-Q4",1.114534767,
"LTU","QGDP","TOT","PC_CHGPP","Q","2022-Q1",0.55178849,
"LTU","QGDP","TOT","PC_CHGPP","Q","2022-Q2",0.339217019,
"LTU","QGDP","TOT","PC_CHGPP","Q","2022-Q3",0.510920899,
"SAU","QGDP","TOT","PC_CHGPP","Q","2015-Q4",-0.394976092,
"SAU","QGDP","TOT","PC_CHGPP","Q","2016-Q1",1.094580246,
"SAU","QGDP","TOT","PC_CHGPP","Q","2016-Q2",-0.017275766,
"SAU","QGDP","TOT","PC_CHGPP","Q","2016-Q3",-0.145267444,
"SAU","QGDP","TOT","PC_CHGPP","Q","2016-Q4",0.858623817,
"SAU","QGDP","TOT","PC_CHGPP","Q","2017-Q1",-1.446092813,
"SAU","QGDP","TOT","PC_CHGPP","Q","2017-Q2",0.428017147,
"SAU","QGDP","TOT","PC_CHGPP","Q","2017-Q3",-0.017629388,
"SAU","QGDP","TOT","PC_CHGPP","Q","2017-Q4",-0.650740219,
"SAU","QGDP","TOT","PC_CHGPP","Q","2018-Q1",2.498840398,
"SAU","QGDP","TOT","PC_CHGPP","Q","2018-Q2",-0.208727501,
"SAU","QGDP","TOT","PC_CHGPP","Q","2018-Q3",1.414393579,
"SAU","QGDP","TOT","PC_CHGPP","Q","2018-Q4",0.481463997,
"SAU","QGDP","TOT","PC_CHGPP","Q","2019-Q1",-0.297746087,
"SAU","QGDP","TOT","PC_CHGPP","Q","2019-Q2",-0.701172475,
"SAU","QGDP","TOT","PC_CHGPP","Q","2019-Q3",-0.185022973,
"SAU","QGDP","TOT","PC_CHGPP","Q","2019-Q4",0.308913382,
"SAU","QGDP","TOT","PC_CHGPP","Q","2020-Q1",-1.332821346,
"SAU","QGDP","TOT","PC_CHGPP","Q","2020-Q2",-4.848610902,
"SAU","QGDP","TOT","PC_CHGPP","Q","2020-Q3",0.749804648,
"SAU","QGDP","TOT","PC_CHGPP","Q","2020-Q4",2.077436621,
"SAU","QGDP","TOT","PC_CHGPP","Q","2021-Q1",-1.126194097,
"SAU","QGDP","TOT","PC_CHGPP","Q","2021-Q2",0.220955997,
"SAU","QGDP","TOT","PC_CHGPP","Q","2021-Q3",5.680977147,
"SAU","QGDP","TOT","PC_CHGPP","Q","2021-Q4",1.578321209,
"SAU","QGDP","TOT","PC_CHGPP","Q","2022-Q1",2.603867086,
"SAU","QGDP","TOT","PC_CHGPP","Q","2022-Q2",2.223281076,
"SAU","QGDP","TOT","PC_CHGPP","Q","2022-Q3",2.600000004,
"BGR","QGDP","TOT","PC_CHGPP","Q","2015-Q4",0.646846918,
"BGR","QGDP","TOT","PC_CHGPP","Q","2016-Q1",0.781918849,
"BGR","QGDP","TOT","PC_CHGPP","Q","2016-Q2",0.756742704,
"BGR","QGDP","TOT","PC_CHGPP","Q","2016-Q3",0.493865993,
"BGR","QGDP","TOT","PC_CHGPP","Q","2016-Q4",0.941003594,
"BGR","QGDP","TOT","PC_CHGPP","Q","2017-Q1",0.599640872,
"BGR","QGDP","TOT","PC_CHGPP","Q","2017-Q2",0.691864885,
"BGR","QGDP","TOT","PC_CHGPP","Q","2017-Q3",0.683348071,
"BGR","QGDP","TOT","PC_CHGPP","Q","2017-Q4",0.620514356,
"BGR","QGDP","TOT","PC_CHGPP","Q","2018-Q1",0.463240039,
"BGR","QGDP","TOT","PC_CHGPP","Q","2018-Q2",0.868785513,
"BGR","QGDP","TOT","PC_CHGPP","Q","2018-Q3",1.022944471,
"BGR","QGDP","TOT","PC_CHGPP","Q","2018-Q4",0.882765765,
"BGR","QGDP","TOT","PC_CHGPP","Q","2019-Q1",1.25334121,
"BGR","QGDP","TOT","PC_CHGPP","Q","2019-Q2",1.122711657,
"BGR","QGDP","TOT","PC_CHGPP","Q","2019-Q3",0.187512292,
"BGR","QGDP","TOT","PC_CHGPP","Q","2019-Q4",1.160937254,
"BGR","QGDP","TOT","PC_CHGPP","Q","2020-Q1",-3.782802068,
"BGR","QGDP","TOT","PC_CHGPP","Q","2020-Q2",-4.832034253,
"BGR","QGDP","TOT","PC_CHGPP","Q","2020-Q3",3.590196503,
"BGR","QGDP","TOT","PC_CHGPP","Q","2020-Q4",1.817829556,
"BGR","QGDP","TOT","PC_CHGPP","Q","2021-Q1",2.749959006,
"BGR","QGDP","TOT","PC_CHGPP","Q","2021-Q2",1.295793535,
"BGR","QGDP","TOT","PC_CHGPP","Q","2021-Q3",1.904892223,
"BGR","QGDP","TOT","PC_CHGPP","Q","2021-Q4",1.456475084,
"BGR","QGDP","TOT","PC_CHGPP","Q","2022-Q1",0.409652358,"P"
"BGR","QGDP","TOT","PC_CHGPP","Q","2022-Q2",0.773878296,"P"
"BGR","QGDP","TOT","PC_CHGPP","Q","2022-Q3",0.637268325,"P"
"ROU","QGDP","TOT","PC_CHGPP","Q","2015-Q4",1.035002846,
"ROU","QGDP","TOT","PC_CHGPP","Q","2016-Q1",-0.095764667,
"ROU","QGDP","TOT","PC_CHGPP","Q","2016-Q2",1.034685943,
"ROU","QGDP","TOT","PC_CHGPP","Q","2016-Q3",0.236349887,
"ROU","QGDP","TOT","PC_CHGPP","Q","2016-Q4",1.888846203,
"ROU","QGDP","TOT","PC_CHGPP","Q","2017-Q1",4.680067432,
"ROU","QGDP","TOT","PC_CHGPP","Q","2017-Q2",0.94850807,
"ROU","QGDP","TOT","PC_CHGPP","Q","2017-Q3",1.183932237,
"ROU","QGDP","TOT","PC_CHGPP","Q","2017-Q4",1.376804373,
"ROU","QGDP","TOT","PC_CHGPP","Q","2018-Q1",1.687045817,
"ROU","QGDP","TOT","PC_CHGPP","Q","2018-Q2",1.570811706,
"ROU","QGDP","TOT","PC_CHGPP","Q","2018-Q3",1.342008351,
"ROU","QGDP","TOT","PC_CHGPP","Q","2018-Q4",0.924726315,
"ROU","QGDP","TOT","PC_CHGPP","Q","2019-Q1",0.946556653,
"ROU","QGDP","TOT","PC_CHGPP","Q","2019-Q2",0.871024547,
"ROU","QGDP","TOT","PC_CHGPP","Q","2019-Q3",0.5466901,
"ROU","QGDP","TOT","PC_CHGPP","Q","2019-Q4",0.573082597,
"ROU","QGDP","TOT","PC_CHGPP","Q","2020-Q1",0.680582655,
"ROU","QGDP","TOT","PC_CHGPP","Q","2020-Q2",-9.582511468,
"ROU","QGDP","TOT","PC_CHGPP","Q","2020-Q3",3.747788568,
"ROU","QGDP","TOT","PC_CHGPP","Q","2020-Q4",3.415380992,
"ROU","QGDP","TOT","PC_CHGPP","Q","2021-Q1",1.743347379,"P"
"ROU","QGDP","TOT","PC_CHGPP","Q","2021-Q2",1.685959201,"P"
"ROU","QGDP","TOT","PC_CHGPP","Q","2021-Q3",0.584544541,"P"
"ROU","QGDP","TOT","PC_CHGPP","Q","2021-Q4",0.509786487,"P"
"ROU","QGDP","TOT","PC_CHGPP","Q","2022-Q1",1.528180723,"P"
"ROU","QGDP","TOT","PC_CHGPP","Q","2022-Q2",1.26165134,"P"
"ROU","QGDP","TOT","PC_CHGPP","Q","2022-Q3",1.280571889,"P"
"EU27_2020","QGDP","TOT","PC_CHGPP","Q","2015-Q4",0.486534,
"EU27_2020","QGDP","TOT","PC_CHGPP","Q","2016-Q1",0.503292,
"EU27_2020","QGDP","TOT","PC_CHGPP","Q","2016-Q2",0.317088,
"EU27_2020","QGDP","TOT","PC_CHGPP","Q","2016-Q3",0.484093,
"EU27_2020","QGDP","TOT","PC_CHGPP","Q","2016-Q4",0.816695,
"EU27_2020","QGDP","TOT","PC_CHGPP","Q","2017-Q1",0.765206,
"EU27_2020","QGDP","TOT","PC_CHGPP","Q","2017-Q2",0.846444,
"EU27_2020","QGDP","TOT","PC_CHGPP","Q","2017-Q3",0.790633,
"EU27_2020","QGDP","TOT","PC_CHGPP","Q","2017-Q4",0.812886,
"EU27_2020","QGDP","TOT","PC_CHGPP","Q","2018-Q1",0.145622,
"EU27_2020","QGDP","TOT","PC_CHGPP","Q","2018-Q2",0.616184,
"EU27_2020","QGDP","TOT","PC_CHGPP","Q","2018-Q3",0.094109,
"EU27_2020","QGDP","TOT","PC_CHGPP","Q","2018-Q4",0.685049,
"EU27_2020","QGDP","TOT","PC_CHGPP","Q","2019-Q1",0.671347,
"EU27_2020","QGDP","TOT","PC_CHGPP","Q","2019-Q2",0.379722,
"EU27_2020","QGDP","TOT","PC_CHGPP","Q","2019-Q3",0.25863,
"EU27_2020","QGDP","TOT","PC_CHGPP","Q","2019-Q4",0.061197,
"EU27_2020","QGDP","TOT","PC_CHGPP","Q","2020-Q1",-2.923417,
"EU27_2020","QGDP","TOT","PC_CHGPP","Q","2020-Q2",-11.072227,
"EU27_2020","QGDP","TOT","PC_CHGPP","Q","2020-Q3",11.492728,
"EU27_2020","QGDP","TOT","PC_CHGPP","Q","2020-Q4",-0.117855,
"EU27_2020","QGDP","TOT","PC_CHGPP","Q","2021-Q1",0.201414,
"EU27_2020","QGDP","TOT","PC_CHGPP","Q","2021-Q2",1.932395,
"EU27_2020","QGDP","TOT","PC_CHGPP","Q","2021-Q3",2.165104,
"EU27_2020","QGDP","TOT","PC_CHGPP","Q","2021-Q4",0.680433,
"EU27_2020","QGDP","TOT","PC_CHGPP","Q","2022-Q1",0.739648,
"EU27_2020","QGDP","TOT","PC_CHGPP","Q","2022-Q2",0.667357,
"EU27_2020","QGDP","TOT","PC_CHGPP","Q","2022-Q3",0.358164,
"CRI","QGDP","TOT","PC_CHGPP","Q","2015-Q4",-0.564322271,
"CRI","QGDP","TOT","PC_CHGPP","Q","2016-Q1",2.43882191,
"CRI","QGDP","TOT","PC_CHGPP","Q","2016-Q2",-0.391837953,
"CRI","QGDP","TOT","PC_CHGPP","Q","2016-Q3",1.877161447,
"CRI","QGDP","TOT","PC_CHGPP","Q","2016-Q4",1.055630971,
"CRI","QGDP","TOT","PC_CHGPP","Q","2017-Q1",0.309949857,
"CRI","QGDP","TOT","PC_CHGPP","Q","2017-Q2",2.235877899,
"CRI","QGDP","TOT","PC_CHGPP","Q","2017-Q3",0.067959382,
"CRI","QGDP","TOT","PC_CHGPP","Q","2017-Q4",1.829453392,
"CRI","QGDP","TOT","PC_CHGPP","Q","2018-Q1",0.124826679,
"CRI","QGDP","TOT","PC_CHGPP","Q","2018-Q2",1.046615221,
"CRI","QGDP","TOT","PC_CHGPP","Q","2018-Q3",-0.258755266,
"CRI","QGDP","TOT","PC_CHGPP","Q","2018-Q4",-0.490633607,
"CRI","QGDP","TOT","PC_CHGPP","Q","2019-Q1",0.94021822,
"CRI","QGDP","TOT","PC_CHGPP","Q","2019-Q2",1.369946331,
"CRI","QGDP","TOT","PC_CHGPP","Q","2019-Q3",0.78126656,
"CRI","QGDP","TOT","PC_CHGPP","Q","2019-Q4",1.052482473,
"CRI","QGDP","TOT","PC_CHGPP","Q","2020-Q1",-1.161778748,
"CRI","QGDP","TOT","PC_CHGPP","Q","2020-Q2",-8.096711524,
"CRI","QGDP","TOT","PC_CHGPP","Q","2020-Q3",1.261912457,
"CRI","QGDP","TOT","PC_CHGPP","Q","2020-Q4",3.659110425,
"CRI","QGDP","TOT","PC_CHGPP","Q","2021-Q1",2.62191064,
"CRI","QGDP","TOT","PC_CHGPP","Q","2021-Q2",2.014343968,
"CRI","QGDP","TOT","PC_CHGPP","Q","2021-Q3",3.731256965,
"CRI","QGDP","TOT","PC_CHGPP","Q","2021-Q4",1.731065665,
"CRI","QGDP","TOT","PC_CHGPP","Q","2022-Q1",0.236830025,
"CRI","QGDP","TOT","PC_CHGPP","Q","2022-Q2",0.633650077,
"CRI","QGDP","TOT","PC_CHGPP","Q","2022-Q3",-0.15922356,
"HRV","QGDP","TOT","PC_CHGPP","Q","2015-Q4",-1.26091196,
"HRV","QGDP","TOT","PC_CHGPP","Q","2016-Q1",2.537070366,
"HRV","QGDP","TOT","PC_CHGPP","Q","2016-Q2",0.319065256,
"HRV","QGDP","TOT","PC_CHGPP","Q","2016-Q3",0.498252474,
"HRV","QGDP","TOT","PC_CHGPP","Q","2016-Q4",1.369502105,
"HRV","QGDP","TOT","PC_CHGPP","Q","2017-Q1",1.275491661,
"HRV","QGDP","TOT","PC_CHGPP","Q","2017-Q2",-0.024782432,
"HRV","QGDP","TOT","PC_CHGPP","Q","2017-Q3",1.312840213,
"HRV","QGDP","TOT","PC_CHGPP","Q","2017-Q4",0.307214616,
"HRV","QGDP","TOT","PC_CHGPP","Q","2018-Q1",0.061633768,
"HRV","QGDP","TOT","PC_CHGPP","Q","2018-Q2",1.982096829,
"HRV","QGDP","TOT","PC_CHGPP","Q","2018-Q3",0.449716493,
"HRV","QGDP","TOT","PC_CHGPP","Q","2018-Q4",0.453434201,
"HRV","QGDP","TOT","PC_CHGPP","Q","2019-Q1",2.046552446,
"HRV","QGDP","TOT","PC_CHGPP","Q","2019-Q2",0.547450219,
"HRV","QGDP","TOT","PC_CHGPP","Q","2019-Q3",-0.084053773,
"HRV","QGDP","TOT","PC_CHGPP","Q","2019-Q4",-0.088039084,
"HRV","QGDP","TOT","PC_CHGPP","Q","2020-Q1",-1.087579409,
"HRV","QGDP","TOT","PC_CHGPP","Q","2020-Q2",-14.684827742,
"HRV","QGDP","TOT","PC_CHGPP","Q","2020-Q3",5.788918849,
"HRV","QGDP","TOT","PC_CHGPP","Q","2020-Q4",5.614036901,
"HRV","QGDP","TOT","PC_CHGPP","Q","2021-Q1",7.338585143,"P"
"HRV","QGDP","TOT","PC_CHGPP","Q","2021-Q2",0.652864973,"P"
"HRV","QGDP","TOT","PC_CHGPP","Q","2021-Q3",2.422074724,"P"
"HRV","QGDP","TOT","PC_CHGPP","Q","2021-Q4",1.518524786,"P"
"HRV","QGDP","TOT","PC_CHGPP","Q","2022-Q1",2.782257971,"P"
"HRV","QGDP","TOT","PC_CHGPP","Q","2022-Q2",1.486252465,"P"
"HRV","QGDP","TOT","PC_CHGPP","Q","2022-Q3",-0.369506236,"P"
